Q0,F73=6,F40=3,F36=5,F39=3,F35=1,F18=7,F48=1,F63=1,F2=8
Q1,F22=3,F19=4,,,,,,,
Q2,F41=4,F22=6,,,,,,,
Q3,F43=8,F51=1,F38=2,,,,,,
Q4,F81=9,F26=3,F46=9,F51=7,F23=4,F71=6,F52=3,,
Q5,,,,,,,,,
Q6,F91=6,F53=5,F87=4,F76=0,F16=4,F70=5,,,
Q7,F50=2,F63=2,F23=5,F39=9,F44=0,,,,
Q8,F79=1,F34=2,F72=7,,,,,,
Q9,F95=9,F57=1,,,,,,,
Q10,F89=10,F44=2,F23=9,F46=4,F87=3,F85=8,F45=6,,
Q11,F61=3,F27=3,F5=2,F93=8,F57=8,F22=5,F68=6,F37=6,
Q12,F31=9,F42=6,F8=1,F88=2,,,,,
Q13,F35=0,F12=5,,,,,,,
Q14,F84=4,,,,,,,,
Q15,F41=5,F15=6,F83=1,F84=6,,,,,
Q16,F63=9,,,,,,,,
Q17,,,,,,,,,
Q18,F26=3,F65=8,F30=3,F12=2,F60=1,,,,
Q19,F85=4,F63=9,F17=2,F31=9,F84=4,F73=7,F74=2,F7=2,
Q20,F59=1,F13=7,F96=4,F48=2,F81=5,F40=2,,,
Q21,F1=8,F27=3,F69=3,F92=3,F13=7,,,,
Q22,F68=3,F86=10,F46=4,F7=2,F18=3,,,,
Q23,F50=2,F65=7,F65=7,F55=7,F28=2,,,,
Q24,F99=1,F98=9,F14=7,F80=6,F41=9,F24=4,,,
Q25,F91=8,F18=1,F57=2,F44=5,F78=8,F93=6,F14=6,F51=8,F74=3
Q26,F64=6,F92=4,,,,,,,
Q27,F60=2,F58=7,F80=7,,,,,,
Q28,F31=9,F85=5,F20=6,F59=7,F77=4,F73=6,F8=2,F76=2,
Q29,F93=7,F89=9,F33=1,F98=8,F67=9,F7=5,,,
Q30,F6=2,F96=4,F30=3,F76=3,F60=0,F28=1,F51=9,F86=9,
Q31,F22=6,F71=5,F15=5,F88=1,,,,,
Q32,F57=6,F86=3,F14=6,F72=4,F30=3,F11=10,F8=2,,
Q33,F35=1,F33=2,F33=6,F16=4,,,,,
Q34,F95=7,F15=5,F27=5,F41=5,F90=6,F99=3,F14=9,F71=5,
Q35,F64=3,F2=1,F72=1,F93=6,F99=3,,,,
Q36,,,,,,,,,
Q37,F1=9,F50=4,F4=6,F46=8,F40=3,F32=1,F35=1,F40=4,F85=8
Q38,F58=9,,,,,,,,
Q39,F45=2,,,,,,,,
Q40,,,,,,,,,
Q41,,,,,,,,,
Q42,F3=1,F40=5,,,,,,,
Q43,,,,,,,,,
Q44,F9=2,F8=646,F11=4,F40=5,F55=2,F89=9,,,
Q45,F2=1,F4=6,,,,,,,
Q46,F12=2,,,,,,,,
Q47,F62=0,F49=1,,,,,,,
Q48,F38=2,F76=6,F11=4,F30=7,,,,,
Q49,F16=7,F7=2,F51=1,F58=7,F11=4,F10=9,F27=5,,
Q50,F1=3,F61=1,F64=1,F95=1,F39=4,F34=1,F66=4,,
Q51,F23=8,F79=4,F24=4,F89=9,F21=7,F42=6,,,
Q52,F36=4,F32=1,F46=9,F73=6,F49=6,F21=5,,,
Q53,F41=2,F78=1,F58=7,F18=1,F84=5,,,,
Q54,F62=6,,,,,,,,
Q55,F64=6,F40=6,F63=0,F26=4,F48=7,F73=7,F40=5,,
Q56,F45=4,F90=6,F29=2,F61=2,F88=2,F27=2,F23=9,F45=8,
Q57,F41=4,F2=3,F63=1,F15=6,F58=8,F37=6,F58=9,F95=10,
Q58,F46=4,F95=7,F26=2,F89=9,F24=7,F10=8,F80=2,F82=5,F5=2
Q59,F6=3,F23=7,F76=4,F6=0,F65=9,F11=4,F13=7,F95=8,
Q60,F31=3,F36=2,F31=2,F44=1,,,,,
Q61,F45=1,F85=4,F47=3,F16=4,F81=7,F24=1,F15=918,F51=8,F69=4
Q62,F12=1,F35=1,F17=1,F82=5,F6=5,F38=10,,,
Q63,F98=8,F84=3,F86=2,F18=1,F96=2,F69=2,,,
Q64,F60=1,F84=6,F48=2,F76=2,F30=3,,,,
Q65,F57=2,F18=1,F58=7,F54=5,F22=4,,,,
Q66,F0=2,F82=5,F61=1,F24=2,F90=3,F42=9,,,
Q67,F70=4,F23=3,F8=2,F80=0,F22=4,F29=10,F88=1,,
Q68,F59=1,F72=1,F62=7,F46=10,,,,,
Q69,F68=6,F16=7,F72=7,F70=5,F62=8,F79=4,F20=7,F88=3,
Q70,F76=6,F5=0,F77=9,,,,,,
Q71,F47=5,F47=3,F66=4,F7=5,F32=0,F1=3,F65=6,,
Q72,F83=8,F70=9,F16=6,,,,,,
Q73,F36=8,F54=7,F55=5,F7=5,F12=3,,,,
Q74,F18=8,F25=3,F23=7,F1=3,F35=9,F77=3,F79=3,,
Q75,F81=6,F66=1,F36=8,,,,,,
Q76,F18=1,F14=9,F64=6,F4=4,F43=2,F69=2,,,
Q77,F42=5,F8=1,,,,,,,
Q78,F99=6,F28=8,F49=6,,,,,,
Q79,F29=2,F59=1,F21=4,F7=2,,,,,
Q80,F87=2,,,,,,,,
Q81,F19=1,F64=9,F73=7,F77=3,F21=7,,,,
Q82,F24=8,F29=3,F50=3,F83=2,F36=8,,,,
Q83,F52=6,F24=4,F99=6,F79=4,F85=7,,,,
Q84,F61=1,F79=2,F16=8,,,,,,
Q85,F56=4,F52=5,F44=6,F21=0,F56=6,F31=8,F2=2,,
Q86,F32=1,F47=4,F73=7,F58=9,,,,,
Q87,F88=1,F26=5,F82=10,F79=5,F35=1,F93=3,,,
Q88,F81=298,F29=5,F1=1,,,,,,
Q89,F41=5,F66=7,F53=6,,,,,,
Q90,F0=5,F40=5,F14=6,F18=7,F76=1,F58=5,F10=10,,
Q91,F70=6,F18=390,F92=9,F31=9,,,,,
Q92,F95=6,F52=6,F34=1,F26=4,F40=4,F27=6,F34=10,F51=10,
Q93,F52=3,F93=7,F89=8,F46=5,F17=6,F92=8,F27=4,F18=8,
Q94,,,,,,,,,
Q95,F81=6,F19=5,F58=8,F41=2,F74=4,F64=6,,,
Q96,F92=8,,,,,,,,
Q97,F15=5,,,,,,,,
Q98,,,,,,,,,
Q99,F72=7,F90=7,F97=5,F7=5,F17=5,F44=6,F61=1,F51=9,F98=8
Q100,F1=0,F42=5,F4=4,F25=2,F15=6,,,,
Q101,F54=7,F20=5,F19=2,F36=8,F25=2,F71=5,F91=7,F45=4,F96=1
Q102,F36=8,F39=5,F83=2,F88=1,F44=6,F86=2,,,
Q103,F29=6,F2=9,F23=4,,,,,,
Q104,,,,,,,,,
Q105,F9=2,F68=3,F54=4,F11=4,F26=3,F66=3,,,
Q106,F93=5,F49=6,F88=3,F2=8,F60=2,F18=8,,,
Q107,F62=0,F74=3,F25=8,F80=6,F79=4,F34=9,F43=9,F51=1,
Q108,F90=6,F8=1,F53=2,F96=1,F0=1,F72=4,F14=2,F6=4,F70=6
Q109,F47=4,,,,,,,,
Q110,F72=5,F57=1,,,,,,,
Q111,F70=8,F95=0,F27=3,F90=2,F13=8,F10=10,F62=0,F90=2,F98=8
Q112,F7=5,,,,,,,,
Q113,F67=8,F79=2,,,,,,,
Q114,F36=2,F9=3,F16=7,F7=3,F64=9,F17=5,,,
Q115,F23=4,F18=9,F65=6,F49=6,F14=7,F8=406,F26=2,F65=9,F75=8
Q116,F49=1,,,,,,,,
Q117,F51=1,,,,,,,,
Q118,F10=6,F8=2,F53=2,F78=1,F59=6,F1=0,F16=6,F74=3,F57=7
Q119,F32=0,,,,,,,,
Q120,F74=2,F17=2,,,,,,,
Q121,F13=8,F48=7,,,,,,,
Q122,F6=1,F48=1,F37=6,,,,,,
Q123,F33=7,F46=4,F50=3,F89=10,F79=4,F23=8,,,
Q124,F50=3,F44=6,F86=2,F69=9,F11=719,F89=10,F19=9,F33=1,F87=3
Q125,,,,,,,,,
Q126,F12=4,F37=7,F2=10,,,,,,
Q127,F7=5,F93=3,F53=3,F96=0,F43=7,F83=1,F85=7,F32=2,F70=9
Q128,F80=7,,,,,,,,
Q129,F36=8,F58=9,,,,,,,
Q130,F65=8,F80=8,,,,,,,
Q131,F1=0,F32=3,F25=3,F24=996,F7=5,F90=7,F3=6,F58=8,F96=0
Q132,F98=6,,,,,,,,
Q133,F98=6,,,,,,,,
Q134,F14=6,F80=6,F77=3,F42=8,,,,,
Q135,F10=7,F32=3,F39=2,F5=2,F37=7,F25=1,,,
Q136,F41=5,F91=8,F61=3,F49=1,F86=3,,,,
Q137,,,,,,,,,
Q138,F78=1,F64=6,F29=2,F11=4,F74=2,,,,
Q139,F84=5,F80=1,F37=5,F89=4,F18=8,F75=4,F49=5,,
Q140,F21=7,,,,,,,,
Q141,F15=6,F3=6,,,,,,,
Q142,F36=5,F2=9,F93=7,F29=6,F41=2,F72=5,F42=4,,
Q143,F41=1,F4=6,F15=6,F99=7,F75=6,F81=6,,,
Q144,F7=2,F6=2,F22=4,F50=1,,,,,
Q145,F15=6,,,,,,,,
Q146,F89=10,F55=2,F99=6,F6=1,F7=2,F13=3,,,
Q147,F81=7,F97=5,F42=4,F99=3,F90=3,F45=4,F96=4,,
Q148,F44=6,F53=3,F77=3,F59=7,F70=10,F11=4,F0=1,,
Q149,F84=5,F93=6,F50=4,F30=2,F73=7,F64=2,F32=1,F12=2,
Q150,F68=7,F28=9,,,,,,,
Q151,F42=4,,,,,,,,
Q152,F44=0,F79=3,F50=3,F49=6,F50=5,,,,
Q153,,,,,,,,,
Q154,F93=6,F70=6,F36=3,F81=5,,,,,
Q155,F73=7,,,,,,,,
Q156,F36=4,F46=5,F53=4,,,,,,
Q157,F11=4,,,,,,,,
Q158,F31=2,F94=6,,,,,,,
Q159,F49=7,F61=3,F31=8,F81=9,F26=6,F68=6,F98=6,F78=3,
Q160,F16=7,F1=9,F83=3,F35=9,F34=9,F22=5,F1=1,F31=3,F94=2
Q161,F24=4,F66=3,,,,,,,
Q162,,,,,,,,,
Q163,F53=5,F41=979,F63=9,F11=4,F32=1,F43=8,F98=8,F90=1,
Q164,,,,,,,,,
Q165,F50=1,F3=1,F71=4,F38=2,,,,,
Q166,F47=5,F77=3,F62=8,F57=2,F45=7,F13=719,F78=1,F51=9,F5=1
Q167,F29=6,F52=3,F73=7,F66=2,F73=8,F52=2,F77=3,F92=9,
Q168,F54=8,F37=7,,,,,,,
Q169,,,,,,,,,
Q170,F43=7,F19=8,F66=4,F16=7,F58=3,F90=3,F84=5,F69=9,F36=3
Q171,F43=153,F36=4,,,,,,,
Q172,F48=2,F43=7,F73=7,,,,,,
Q173,F67=8,F80=1,F72=6,F28=2,F31=2,F66=4,F29=2,F96=3,F76=7
Q174,F50=3,F33=8,F2=8,F48=7,F91=6,F1=3,,,
Q175,F86=9,F27=2,F50=4,F40=6,F79=4,F57=1,F29=5,F84=4,F1=0
Q176,F61=2,F67=9,F35=1,F89=10,F31=2,F56=3,F80=8,,
Q177,F4=4,F85=7,F57=2,F56=5,F53=5,F31=8,F70=10,F54=4,F32=2
Q178,F6=2,F73=7,F87=2,,,,,,
Q179,F41=4,F61=2,F49=5,F73=7,,,,,
Q180,F4=6,F25=7,F88=1,F6=4,F95=6,F12=3,F19=8,F61=1,F12=5
Q181,F1=0,,,,,,,,
Q182,F78=0,,,,,,,,
Q183,F45=3,F93=2,F39=9,F95=7,F52=4,F69=9,F76=0,F72=7,F99=4
Q184,F75=8,F43=8,F10=5,F29=1,,,,,
Q185,F72=2,F96=4,F82=3,F32=2,F89=4,F6=2,F11=10,F81=6,F65=8
Q186,F52=5,F80=8,,,,,,,
Q187,F14=6,F50=2,,,,,,,
Q188,F2=4,F3=5,F71=5,F51=8,F51=10,F64=6,F79=2,,
Q189,F35=0,F11=9,F62=8,F68=3,,,,,
Q190,F33=1,F0=3,F25=2,F88=2,,,,,
Q191,F56=4,F54=5,F32=1,F42=9,F21=1,,,,
Q192,F37=6,F39=1,F7=3,F36=2,F56=0,,,,
Q193,F58=8,F85=8,F89=8,F13=4,F1=2,F71=5,F44=1,,
Q194,F13=8,F98=7,F18=1,F39=1,F38=9,,,,
Q195,F57=8,F40=3,F14=1,F71=5,F66=6,F53=660,,,
Q196,F27=5,F35=9,F65=9,F83=2,F13=8,,,,
Q197,F62=8,F79=2,,,,,,,
Q198,F14=1,F80=6,F84=7,F15=7,F27=3,F21=4,,,
Q199,F32=2,F17=6,,,,,,,
Q200,F38=1,F7=5,F13=4,F18=8,F5=4,F25=8,F83=3,,
Q201,F39=3,F90=1,F24=2,F46=3,F22=6,F84=5,F31=1,F98=9,F66=4
Q202,F92=9,F72=1,F57=3,F78=4,F32=1,F66=7,F45=3,,
Q203,,,,,,,,,
Q204,F56=2,,,,,,,,
Q205,F78=831,F73=7,F13=8,F36=2,F37=6,F71=7,F43=7,F38=3,
Q206,,,,,,,,,
Q207,F44=6,F43=8,F3=7,F97=6,F6=2,F8=1,F81=6,,
Q208,F76=3,F15=6,F13=7,F48=1,F88=2,,,,
Q209,F16=4,F78=3,F40=6,F86=2,F31=7,F5=2,F31=8,,
Q210,F81=6,F40=3,F38=9,F80=6,F82=5,F17=4,,,
Q211,F31=2,,,,,,,,
Q212,F59=1,F61=3,F18=8,F22=4,F33=2,,,,
Q213,F97=5,F80=0,F6=5,F13=8,F70=7,,,,
Q214,F69=9,F39=9,F70=8,F61=3,F92=8,,,,
Q215,F33=6,F57=3,F83=9,F1=9,F87=3,,,,
Q216,F72=1,F98=8,F54=5,F38=2,F38=1,F17=6,F82=4,,
Q217,F42=9,F76=6,F62=7,F14=1,F91=7,,,,
Q218,F12=2,,,,,,,,
Q219,F15=7,F22=3,F0=4,F40=6,F23=8,,,,
Q220,F24=2,F64=7,F92=7,F8=1,F9=3,F68=642,F34=1,F16=7,F45=1
Q221,F80=8,F15=4,F33=5,F74=2,,,,,
Q222,F49=6,F24=3,F31=8,F28=2,F13=4,,,,
Q223,F62=1,F44=1,F45=4,F55=5,F12=4,,,,
Q224,F32=0,F41=9,F9=1,F46=9,F38=817,F58=4,F80=8,F47=4,
Q225,F28=10,F25=2,F27=5,F70=10,F93=8,,,,
Q226,F49=1,F4=6,F12=5,,,,,,
Q227,F63=3,F96=0,F81=14,F65=8,F92=3,F45=2,F69=2,F82=3,
Q228,F12=5,F83=9,F75=8,F42=9,F35=9,F94=6,F60=1,,
Q229,F22=4,F69=2,F19=2,F33=2,F71=5,F0=3,,,
Q230,,,,,,,,,
Q231,,,,,,,,,
Q232,F12=5,,,,,,,,
Q233,F45=6,F24=1,F41=2,F0=4,F65=8,F54=5,F77=4,F91=7,F80=6
Q234,F75=8,F65=9,F90=6,F43=9,F45=6,F45=6,F51=10,,
Q235,F76=6,F42=6,F45=7,F31=8,F12=3,F9=2,F52=4,F74=2,
Q236,F32=1,F77=3,F17=6,,,,,,
Q237,F47=4,F94=2,F61=3,,,,,,
Q238,F54=5,F24=3,,,,,,,
Q239,F92=9,,,,,,,,
Q240,,,,,,,,,
Q241,F65=8,F57=2,F15=6,F77=3,F72=2,,,,
Q242,F49=5,F44=0,F60=1,F59=1,,,,,
Q243,F60=2,F16=5,F37=7,F59=1,F14=1,,,,
Q244,F19=5,F87=1,,,,,,,
Q245,F81=6,F34=2,F9=4,,,,,,
Q246,F60=5,F14=6,F32=2,F79=4,,,,,
Q247,,,,,,,,,
Q248,F97=0,F86=9,F57=8,,,,,,
Q249,,,,,,,,,
Q250,F95=7,F86=3,F20=9,F12=5,F24=2,F35=1,,,
Q251,F33=7,F55=3,F84=5,F21=3,F28=8,,,,
Q252,F33=1,F46=3,F83=2,F45=2,F36=7,F66=6,F14=9,F90=5,F1=4
Q253,F64=8,F86=9,F8=2,F15=5,F83=2,F84=6,,,
Q254,F81=7,F72=2,F98=6,F32=3,F53=5,F19=2,F29=5,,
Q255,F99=1,F54=6,F37=5,,,,,,
Q256,F61=1,F67=7,F22=7,F80=8,F19=2,,,,
Q257,F67=6,F86=2,F86=3,F80=0,F43=9,,,,
Q258,F7=1,F52=5,F81=6,F49=6,F39=4,F63=3,F28=2,,
Q259,F64=2,F31=8,F59=6,F75=5,F82=9,,,,
Q260,F40=4,F37=6,F74=3,F74=3,F30=7,F48=0,F85=5,F18=1,F83=2
Q261,F98=8,F15=6,F80=6,F76=6,F25=3,F77=3,F19=5,,
Q262,F85=7,F73=7,F89=9,F49=6,F44=5,,,,
Q263,F43=2,F92=8,,,,,,,
Q264,F61=1,F92=8,F9=5,F39=9,F9=4,F37=6,F49=1,F90=2,F1=3
Q265,F67=6,F77=4,F73=7,F13=4,F84=5,,,,
Q266,F53=3,F44=0,F95=7,F2=8,F29=5,F36=5,,,
Q267,F56=1,F74=4,,,,,,,
Q268,F89=4,F74=3,F39=4,F48=1,F45=3,F9=3,F46=8,F84=5,F33=2
Q269,F84=3,F54=5,F9=4,F5=3,F38=2,,,,
Q270,F71=4,F23=5,,,,,,,
Q271,F19=6,F53=2,F65=9,F50=3,F14=6,,,,
Q272,F90=1,F85=7,,,,,,,
Q273,F42=6,F32=1,F22=6,,,,,,
Q274,F66=4,F48=7,F77=3,F34=2,,,,,
Q275,F42=6,,,,,,,,
Q276,F53=5,F33=1,F2=9,F83=2,F59=1,F24=4,F68=3,,
Q277,F42=3,F36=8,F62=1,,,,,,
Q278,F97=2,F76=3,F89=9,F28=2,F66=1,F26=4,F72=7,F51=1,F22=4
Q279,F23=4,F35=1,F9=3,F30=3,F92=3,F38=0,F68=5,F51=8,F93=3
Q280,,,,,,,,,
Q281,,,,,,,,,
Q282,F26=3,F45=4,F55=6,F82=3,F15=4,,,,
Q283,,,,,,,,,
Q284,F95=1,F93=4,F32=1,F35=0,F55=5,F25=9,,,
Q285,F94=1,,,,,,,,
Q286,F25=9,F83=9,F21=8,F31=9,F9=3,F29=1,F5=2,F57=7,F49=6
Q287,F39=9,F11=4,F12=2,F8=2,F88=2,,,,
Q288,F53=5,F45=2,F80=7,F91=8,,,,,
Q289,,,,,,,,,
Q290,,,,,,,,,
Q291,F80=1,F77=9,,,,,,,
Q292,F87=1,F48=8,F43=3,F57=2,F85=7,F19=8,F49=6,,
Q293,F36=4,F62=8,F95=7,F84=5,F23=7,F25=9,F51=8,,
Q294,F35=1,F68=6,F70=7,F34=2,F5=0,F29=4,F16=8,,
Q295,F49=6,F25=3,F80=7,F47=3,F66=3,F85=6,F26=3,F96=4,F32=2
Q296,F40=3,,,,,,,,
Q297,F66=1,F69=3,,,,,,,
Q298,F62=6,,,,,,,,
Q299,F44=6,F36=3,F96=1,F28=8,,,,,
Q300,F81=7,F46=9,,,,,,,
Q301,F96=1,F84=5,F32=1,F5=2,F64=5,F93=3,F40=5,F0=3,F94=9
Q302,F69=2,F2=9,,,,,,,
Q303,F9=3,F36=5,F15=6,F12=3,F26=6,F74=2,,,
Q304,F24=8,F85=7,F70=6,F53=5,F92=7,,,,
Q305,F44=5,F58=9,F33=6,F86=2,F65=7,F14=2,F79=3,F53=3,F35=9
Q306,F65=9,F88=3,F82=5,,,,,,
Q307,,,,,,,,,
Q308,F62=2,F31=8,F25=9,F3=2,F51=9,F88=1,F1=1,F86=2,F84=4
Q309,F34=9,F93=6,F12=2,F22=4,F70=10,F27=2,F48=8,F36=2,
Q310,F52=6,F12=6,F54=7,,,,,,
Q311,F95=0,F50=3,F8=1,F31=360,F16=4,F24=2,F58=8,F32=0,F85=7
Q312,F77=4,F48=8,F70=9,F86=2,F21=8,F66=7,F22=7,F81=9,F56=5
Q313,F12=2,F66=7,F47=2,F42=10,F80=1,F28=8,F43=9,,
Q314,F70=5,F9=1,F63=2,F38=1,F57=6,,,,
Q315,F8=1,F21=8,F75=5,F87=2,F87=2,F34=2,F88=3,,
Q316,F75=4,F51=2,,,,,,,
Q317,F9=3,F21=4,F55=658,F49=5,F93=5,,,,
Q318,F95=8,F70=7,F58=8,,,,,,
Q319,F45=7,F86=10,F95=1,F35=1,F13=8,F40=5,F13=6,F29=2,F54=5
Q320,F29=1,,,,,,,,
Q321,F73=7,F67=8,F8=1,F94=5,F52=3,F96=4,F78=3,F10=8,
Q322,F66=6,F64=8,F13=8,F40=4,F34=2,F65=9,F74=3,F59=7,
Q323,F44=6,F44=6,F8=1,F3=5,F30=7,F28=8,,,
Q324,F76=1,F94=5,F96=1,F83=8,,,,,
Q325,,,,,,,,,
Q326,F26=5,F19=5,F4=6,F59=8,,,,,
Q327,F16=6,F58=5,F42=6,F77=3,F12=5,F65=9,F90=6,F19=5,
Q328,,,,,,,,,
Q329,F45=4,F52=4,F44=6,F46=5,F38=9,F76=0,F32=2,,
Q330,F1=8,F12=6,F41=5,F23=7,F17=5,F62=8,,,
Q331,F2=1,F33=7,F99=6,F12=2,F43=2,F16=7,F51=8,,
Q332,F71=8,F78=8,F62=7,F76=7,F61=3,,,,
Q333,F24=4,F65=7,,,,,,,
Q334,F11=9,F1=2,F84=5,F43=8,F1=8,,,,
Q335,F19=8,F2=9,F48=1,F26=3,F49=6,,,,
Q336,F9=4,F11=9,,,,,,,
Q337,F33=7,F88=3,F35=1,F87=2,F91=6,F29=5,F31=7,F50=3,
Q338,F15=6,F53=4,F42=10,F67=9,,,,,
Q339,F28=7,,,,,,,,
Q340,F80=7,F83=9,F51=1,F10=7,F61=3,,,,
Q341,F30=7,F65=8,F60=7,,,,,,
Q342,F13=8,F12=2,F7=3,,,,,,
Q343,F13=3,F3=2,F84=5,F71=7,,,,,
Q344,F3=5,F37=7,F30=4,F61=1,F29=2,F86=3,F21=8,F8=2,
Q345,F28=2,,,,,,,,
Q346,F7=3,F16=4,F22=5,F65=8,F56=5,F40=4,F27=6,F41=4,
Q347,F74=3,,,,,,,,
Q348,,,,,,,,,
Q349,F32=1,F34=9,F71=7,F98=6,,,,,
Q350,F59=8,F21=1,F3=7,F50=4,F99=3,,,,
Q351,F43=10,F87=5,F13=3,F34=1,F85=7,F39=3,F34=3,F42=8,
Q352,,,,,,,,,
Q353,F64=8,F80=1,F79=2,F50=2,F83=2,F66=6,F34=3,F51=9,
Q354,F76=7,F72=4,F49=6,,,,,,
Q355,F20=5,F42=5,F66=6,F44=6,F13=4,F83=3,F86=9,F4=5,
Q356,F42=3,,,,,,,,
Q357,F32=2,F48=1,F65=6,F69=9,F94=1,F26=3,F94=9,,
Q358,F8=1,F8=2,F60=1,F30=7,F88=1,F44=6,,,
Q359,F64=2,F67=9,,,,,,,
Q360,F30=7,F90=2,F42=8,F25=3,,,,,
Q361,F59=8,F3=4,F29=8,F1=3,F93=344,F96=4,,,
Q362,F83=8,F90=6,F3=6,,,,,,
Q363,F25=3,F51=10,F96=2,F3=0,F30=4,F17=3,F39=4,F24=3,
Q364,,,,,,,,,
Q365,F21=7,F31=8,F98=6,F58=7,,,,,
Q366,F27=4,F93=2,F97=4,F22=2,,,,,
Q367,F67=8,F45=7,F94=5,F35=9,F47=3,,,,
Q368,F55=3,F31=9,F70=9,F45=7,F20=5,F39=2,,,
Q369,F43=6,F49=6,F4=6,F55=5,F8=1,F93=226,F68=5,,
Q370,F96=3,F8=2,F28=8,F23=4,,,,,
Q371,F92=8,F22=3,,,,,,,
Q372,F42=8,F5=3,F86=3,F92=8,,,,,
Q373,F37=6,F46=4,,,,,,,
Q374,F15=6,F64=1,F83=9,F70=8,,,,,
Q375,F39=3,F76=1,F6=2,F9=3,F92=8,F57=3,,,
Q376,F70=4,F0=1,F65=8,F9=2,F69=2,F90=3,F24=2,F12=1,F60=2
Q377,F83=8,F12=5,,,,,,,
Q378,F27=982,F32=0,F68=6,F79=2,F94=165,F75=9,F14=7,,
Q379,F83=1,,,,,,,,
Q380,F16=8,F24=2,F48=1,F24=3,F41=8,F32=1,F81=8,F4=6,F32=1
Q381,F61=4,F89=4,F32=3,F33=6,F81=6,F20=6,F40=6,F57=2,
Q382,F40=5,F60=0,F74=2,,,,,,
Q383,F25=2,F93=6,,,,,,,
Q384,F7=2,F80=6,F79=3,,,,,,
Q385,F56=2,F87=2,F34=9,F37=7,F8=1,F98=6,F81=8,F53=5,
Q386,F83=8,F90=2,F85=7,F68=3,F81=7,,,,
Q387,F21=7,F20=7,,,,,,,
Q388,F94=5,,,,,,,,
Q389,F50=3,F85=7,F51=8,F7=2,F40=5,F42=3,,,
Q390,F91=7,,,,,,,,
Q391,F14=9,F68=6,F45=1,F52=3,F95=9,F45=3,F74=3,F64=8,F6=3
Q392,F19=8,,,,,,,,
Q393,F25=2,F30=4,F7=5,F16=4,F50=4,F34=1,,,
Q394,F5=2,F9=4,F19=8,F17=2,F37=8,F60=1,F14=1,F59=7,F95=7
Q395,,,,,,,,,
Q396,F47=4,F81=6,F28=1,F6=2,F24=4,,,,
Q397,F72=1,F9=4,F35=10,F76=1,F52=3,F24=2,F37=5,F91=6,
Q398,F10=9,F76=6,F68=2,F44=1,,,,,
Q399,F61=3,F73=6,,,,,,,
Q400,F56=5,F54=7,F8=2,F84=3,F10=6,F81=7,,,
Q401,F20=6,F89=9,F21=0,F78=7,F32=2,F46=4,F15=7,F17=4,F97=5
Q402,F25=2,,,,,,,,
Q403,F0=1,F34=9,F9=3,F90=6,F76=3,F61=3,F21=7,,
Q404,F14=6,,,,,,,,
Q405,F90=2,F68=6,F72=4,F35=8,F82=5,,,,
Q406,F64=8,F29=9,F99=2,F92=9,F69=10,F79=1,,,
Q407,F6=2,,,,,,,,
Q408,F71=5,F92=8,F17=6,,,,,,
Q409,F2=1,F66=3,F60=2,F38=1,F42=3,F40=3,F68=7,F94=5,
Q410,F33=7,F7=2,F68=7,,,,,,
Q411,F98=5,F98=7,F48=1,F91=9,,,,,
Q412,F90=6,F8=1,F26=5,F70=7,,,,,
Q413,F68=6,F24=674,F34=2,F55=4,F23=9,F12=5,F65=6,F95=1,
Q414,F19=8,F97=2,F13=7,F13=4,F1=8,F98=6,F75=4,F8=2,
Q415,F84=5,F69=2,F68=2,F44=0,F41=10,F22=4,F47=3,,
Q416,F20=5,F10=6,F96=5,F70=8,F83=3,F63=8,,,
Q417,,,,,,,,,
Q418,,,,,,,,,
Q419,F44=5,F58=9,F34=1,F80=6,F67=6,,,,
Q420,F4=3,F83=8,F85=9,F85=8,F0=3,,,,
Q421,F37=6,F12=3,F82=9,F49=6,F94=10,F72=6,F63=0,F98=6,F59=0
Q422,F58=4,F96=1,F10=6,F59=51,F33=6,F4=5,,,
Q423,F7=2,F91=9,F53=5,F68=7,F15=7,F46=3,F48=2,F87=1,
Q424,,,,,,,,,
Q425,,,,,,,,,
Q426,F57=3,F91=7,F83=8,F45=2,F66=1,F23=9,F35=1,F71=7,
Q427,,,,,,,,,
Q428,,,,,,,,,
Q429,F60=2,F69=2,F66=1,F60=2,F41=9,F57=7,F11=4,,
Q430,F14=8,F90=6,F12=0,F13=4,F24=2,F61=2,,,
Q431,F88=2,F26=4,F50=2,F30=6,F11=10,F97=3,F89=8,,
Q432,F26=4,F22=6,F55=3,F69=2,,,,,
Q433,F6=1,F90=6,F36=3,F79=5,F40=4,F36=3,F93=6,F8=1,
Q434,F16=7,F21=1,,,,,,,
Q435,,,,,,,,,
Q436,F31=7,F98=9,,,,,,,
Q437,F57=7,,,,,,,,
Q438,F24=4,F90=3,F43=8,F22=5,F40=3,,,,
Q439,F24=1,F71=5,F38=1,F90=2,F39=3,F92=9,F83=1,F12=6,
Q440,F66=7,,,,,,,,
Q441,F7=2,F71=5,F90=1,F67=7,F66=0,F89=10,F35=0,,
Q442,,,,,,,,,
Q443,F74=2,F96=1,F91=6,F13=4,F57=7,F53=2,F90=2,,
Q444,F52=2,F63=3,F3=6,F31=8,F23=10,F49=1,F90=2,F78=8,F4=4
Q445,F48=2,F86=1,,,,,,,
Q446,F44=6,F54=7,F94=2,F16=8,,,,,
Q447,F12=3,F51=2,F76=4,F23=8,,,,,
Q448,F74=1,F76=3,F75=8,F31=2,F19=8,F67=9,F58=8,,
Q449,F97=3,F65=8,F31=8,F49=1,,,,,
Q450,,,,,,,,,
Q451,F31=8,F88=1,F95=1,,,,,,
Q452,F40=2,F12=6,F74=3,F44=6,F31=2,F80=7,F69=9,F58=5,
Q453,F5=3,F89=9,F31=3,F76=1,F34=8,F11=4,,,
Q454,F54=4,F29=4,F6=1,F39=2,,,,,
Q455,F40=4,F36=8,,,,,,,
Q456,,,,,,,,,
Q457,F64=3,F61=887,F73=5,F52=3,,,,,
Q458,F86=9,F83=2,F30=3,F84=6,,,,,
Q459,F70=9,F3=6,F55=6,F31=10,F17=2,F89=8,F52=3,F30=4,F35=10
Q460,F93=8,F81=6,F16=5,F7=5,F31=9,F38=9,F79=2,F88=3,
Q461,F6=4,F87=2,F23=7,F2=8,F99=2,F50=2,F79=5,F77=4,F92=8
Q462,F35=1,F15=6,F40=4,F32=0,F36=8,F17=1,F56=5,F62=6,
Q463,F44=1,,,,,,,,
Q464,,,,,,,,,
Q465,F88=3,F36=5,F26=6,F12=1,F56=4,,,,
Q466,F20=6,F64=2,F14=6,F52=3,F33=1,F86=9,F44=1,,
Q467,F46=8,F70=8,F55=3,F41=9,F98=7,,,,
Q468,F76=3,F82=9,,,,,,,
Q469,F96=3,F46=4,F42=9,F41=1,F31=2,,,,
Q470,F79=4,F32=2,F42=6,F84=5,F0=4,F56=4,F67=10,F34=2,F27=4
Q471,F71=6,F39=9,F14=7,F5=4,F70=921,F59=2,F4=3,,
Q472,F36=8,F27=3,F22=4,F1=9,F92=4,,,,
Q473,F99=1,F0=1,F8=1,F98=7,F37=5,F29=9,F33=6,F24=1,
Q474,F41=8,F83=8,F77=3,F82=4,F55=5,,,,
Q475,F50=3,,,,,,,,
Q476,F5=652,F3=1,F44=5,F26=3,F59=7,F10=9,F59=1,,
Q477,F13=8,F39=3,F43=6,F23=4,F25=1,F47=6,F41=3,F71=7,F1=1
Q478,F82=5,,,,,,,,
Q479,F39=2,F24=4,F35=1,F91=7,F87=2,F90=3,,,
Q480,F53=2,F22=5,F92=9,F25=2,F14=5,F63=8,F29=6,,
Q481,,,,,,,,,
Q482,F55=2,F71=6,F37=6,F53=2,F95=8,F64=2,F15=3,,
Q483,F9=2,F37=5,,,,,,,
Q484,F65=9,F43=7,F71=5,F16=8,F25=3,F26=3,F16=4,,
Q485,F24=4,F96=3,F37=7,F60=2,,,,,
Q486,F71=8,F7=3,F10=8,,,,,,
Q487,F6=1,,,,,,,,
Q488,F39=5,F71=5,F15=5,F11=3,,,,,
Q489,,,,,,,,,
Q490,F11=10,F51=0,F54=5,F29=1,F67=10,F90=4,,,
Q491,F59=1,F92=9,F56=1,F36=9,F8=1,F25=2,,,
Q492,F59=8,F48=2,F45=7,F43=937,F3=4,F80=1,,,
Q493,F90=6,F73=309,F68=6,F16=6,F73=7,F99=2,F94=1,,
Q494,F45=3,F38=0,F86=8,F85=7,F19=1,,,,
Q495,F79=3,F25=9,F17=6,F95=1,F88=3,F49=6,F16=7,F96=4,F30=4
Q496,F74=3,F48=1,F4=7,F6=2,F52=3,,,,
Q497,F98=7,F78=7,F17=4,F64=9,F68=3,F35=1,F81=6,,
Q498,F8=2,F89=5,F53=5,F18=2,F40=3,F97=4,F45=2,,
Q499,F38=9,,,,,,,,
Q500,F74=3,F20=5,F34=3,F59=8,F73=7,F18=3,,,
Q501,F77=9,F65=6,F46=9,F56=4,F28=9,F83=2,F23=8,,
Q502,F5=1,F89=8,F49=1,F93=3,F38=3,F90=2,,,
Q503,F44=6,F18=0,F66=1,,,,,,
Q504,F84=6,F50=3,F66=6,F82=4,F95=8,F55=5,F83=2,,
Q505,F79=1,F95=8,F87=2,F74=3,F19=7,,,,
Q506,F58=9,F34=3,F37=7,F99=3,F68=6,F19=2,F89=9,,
Q507,,,,,,,,,
Q508,F89=9,F58=4,,,,,,,
Q509,,,,,,,,,
Q510,F42=3,F45=7,F34=9,F71=5,F36=8,F19=8,F60=6,F14=6,F5=3
Q511,F20=6,,,,,,,,
Q512,F81=9,F0=3,,,,,,,
Q513,F45=7,F14=8,F55=7,F75=9,F86=9,F96=4,F6=1,F95=8,F48=1
Q514,F51=8,F5=1,F98=7,F77=3,,,,,
Q515,F88=2,F87=2,F28=8,F42=6,F2=3,F23=9,F27=4,,
Q516,F55=5,F79=4,F57=8,,,,,,
Q517,F74=3,F24=3,,,,,,,
Q518,F84=6,F89=9,F60=1,F61=1,F92=4,F88=2,F28=1,,
Q519,F21=1,F19=5,F75=4,F39=3,F98=501,F93=7,,,
Q520,F26=3,F90=2,F1=9,F44=1,F93=5,,,,
Q521,F27=3,,,,,,,,
Q522,F87=4,,,,,,,,
Q523,F6=2,,,,,,,,
Q524,F96=2,F54=6,F82=4,F21=7,F79=1,F28=10,F39=4,,
Q525,F62=1,F42=5,F1=3,F23=8,F78=8,F37=6,F13=4,,
Q526,F99=6,,,,,,,,
Q527,F28=8,F54=5,F1=9,F89=9,F15=5,,,,
Q528,F29=9,F41=3,F37=7,F27=3,F20=5,,,,
Q529,F71=5,F49=2,F66=4,F10=9,F27=3,F97=1,,,
Q530,F5=1,F7=6,F13=7,F34=10,F19=8,F33=1,,,
Q531,F57=3,F1=9,,,,,,,
Q532,F31=8,F51=9,F39=4,F28=9,F27=3,,,,
Q533,,,,,,,,,
Q534,F23=9,,,,,,,,
Q535,F0=3,F73=6,F6=4,F64=1,F91=6,F3=5,F15=4,,
Q536,F94=9,F27=2,F36=5,F47=3,F42=3,F64=3,F30=3,F38=3,F55=5
Q537,F0=0,F33=0,F81=5,F68=6,F15=6,F25=2,,,
Q538,F72=6,F37=6,F88=2,F65=9,F51=7,,,,
Q539,F42=9,F24=3,F43=1,F60=2,F76=0,,,,
Q540,,,,,,,,,
Q541,F46=10,F37=7,F25=9,F76=3,F21=1,F33=6,F11=10,F96=4,
Q542,F75=9,F82=3,,,,,,,
Q543,F65=6,,,,,,,,
Q544,F57=4,F11=4,F20=8,F71=6,F85=8,,,,
Q545,F61=4,F77=4,,,,,,,
Q546,F95=9,F54=4,F35=1,F95=7,F1=1,F95=6,F87=1,F96=5,
Q547,F58=9,F51=9,F14=2,F67=9,,,,,
Q548,F68=5,F12=5,F45=1,F19=8,F16=4,F99=3,F52=5,F71=7,
Q549,F16=6,F65=6,F80=7,F9=1,F5=1,F79=5,,,
Q550,F39=2,,,,,,,,
Q551,F27=4,F51=9,F64=2,F93=7,,,,,
Q552,F61=3,F56=5,,,,,,,
Q553,F58=4,F45=2,F9=3,F19=2,F93=6,F99=6,F32=3,,
Q554,F98=5,F75=4,F18=2,F56=0,F69=9,F63=1,F42=6,F56=5,F6=1
Q555,F35=8,F97=2,F77=9,F4=4,F25=1,F47=6,F75=4,F41=4,
Q556,F97=1,F19=7,,,,,,,
Q557,F6=2,F44=1,F32=2,F71=6,F79=2,F15=7,,,
Q558,F1=9,F33=7,F72=1,F58=10,F61=3,F30=3,F64=6,F68=7,F82=8
Q559,F64=2,,,,,,,,
Q560,F83=8,F65=8,,,,,,,
Q561,F12=4,,,,,,,,
Q562,F78=3,F55=5,F77=3,F95=8,F91=5,F44=5,F61=3,F22=6,
Q563,F63=8,F83=8,F3=0,F43=2,F37=5,F18=1,,,
Q564,F40=6,F63=2,,,,,,,
Q565,F32=1,F63=1,F95=2,F99=3,F26=6,F3=4,,,
Q566,F25=3,F77=3,F95=201,,,,,,
Q567,F48=2,F77=9,F22=6,F4=5,,,,,
Q568,,,,,,,,,
Q569,F24=1,F1=1,F44=5,F57=7,F3=5,F85=5,,,
Q570,F91=6,F16=7,,,,,,,
Q571,F17=4,F39=4,F29=5,F93=7,F87=3,F0=1,F80=7,F32=1,F67=8
Q572,F43=7,F82=9,,,,,,,
Q573,F48=1,,,,,,,,
Q574,F44=7,F69=9,,,,,,,
Q575,F7=2,F71=5,F76=4,F85=8,F30=7,,,,
Q576,F9=4,F16=6,F8=2,,,,,,
Q577,F27=3,F65=8,,,,,,,
Q578,F97=3,F79=3,F60=0,F42=3,F72=4,F42=6,F38=3,F9=5,F2=2
Q579,F83=1,F12=3,F25=2,F74=3,F20=9,F3=4,F24=8,F91=6,
Q580,F3=5,F94=5,,,,,,,
Q581,F63=8,F43=9,F99=2,F86=3,F2=8,F57=3,F53=2,F87=2,
Q582,F56=1,F51=1,F38=10,F57=3,,,,,
Q583,F63=8,,,,,,,,
Q584,F34=2,F17=4,F63=8,F19=6,,,,,
Q585,F93=3,F10=5,F90=1,F4=5,F5=3,F95=8,,,
Q586,F6=1,F44=1,F42=4,,,,,,
Q587,F52=4,F94=6,F77=9,F86=3,F41=4,,,,
Q588,F9=4,F20=6,F75=4,F83=3,,,,,
Q589,F31=7,F63=9,F48=2,F17=696,F83=8,F86=3,F21=4,F25=9,F6=4
Q590,F15=6,,,,,,,,
Q591,F99=3,F47=2,F44=6,F12=1,F14=7,F39=10,,,
Q592,,,,,,,,,
Q593,F31=2,F69=2,F10=6,F14=1,F15=5,F33=7,F95=2,,
Q594,F9=4,F98=8,F53=1,F30=6,F34=10,F83=2,,,
Q595,F62=0,F9=4,F73=7,F58=7,,,,,
Q596,F63=0,F45=2,F83=9,F52=5,F52=5,F36=3,,,
Q597,F57=3,,,,,,,,
Q598,F19=5,F23=8,,,,,,,
Q599,F90=2,F62=8,F58=4,F92=9,,,,,
Q600,F48=6,F78=8,F83=9,F53=5,F25=9,,,,
Q601,F17=2,F81=6,F44=6,F17=6,F81=9,F70=6,F77=3,F1=4,
Q602,F93=6,F80=7,F88=1,F7=2,F25=9,F11=10,F8=2,,
Q603,F86=3,F81=9,F59=7,F17=2,,,,,
Q604,F72=7,F98=6,F7=5,F72=7,F70=10,,,,
Q605,F34=9,F95=8,,,,,,,
Q606,F70=5,F51=1,F39=3,F81=9,F29=2,,,,
Q607,F99=3,F12=5,F31=8,F16=8,F17=4,F81=9,F15=5,,
Q608,F28=2,F99=2,F27=6,F8=1,F8=2,F78=7,F14=6,F69=2,F21=7
Q609,F81=6,,,,,,,,
Q610,F59=8,F39=9,F41=3,F22=5,F55=5,F9=1,F55=2,F67=8,
Q611,F20=4,F73=7,F71=7,,,,,,
Q612,F9=3,F97=5,F11=9,,,,,,
Q613,F11=4,F96=1,,,,,,,
Q614,F97=4,F24=2,,,,,,,
Q615,F63=1,F18=2,F64=634,F60=2,F49=7,F93=6,,,
Q616,F76=7,F20=9,F67=9,F37=6,F94=5,F15=3,F78=3,F98=6,F55=5
Q617,F98=7,F43=8,F50=2,F63=8,F79=5,F42=9,,,
Q618,F41=3,F95=9,,,,,,,
Q619,F61=3,F5=1,F1=1,F80=7,F80=1,F41=8,,,
Q620,F53=3,F67=9,F52=3,F59=7,,,,,
Q621,F97=2,F96=4,F79=2,F52=4,F64=5,F53=5,F23=8,F19=5,F93=3
Q622,F78=1,F47=3,F44=6,,,,,,
Q623,F20=5,F39=3,F98=6,,,,,,
Q624,F3=6,,,,,,,,
Q625,F88=2,F99=3,F94=5,F45=3,F42=195,F83=9,F81=7,F17=2,
Q626,F41=407,F39=9,F71=7,,,,,,
Q627,F90=6,F76=6,F75=5,F26=3,F46=9,,,,
Q628,F54=5,F73=6,F52=4,F80=8,F58=4,,,,
Q629,,,,,,,,,
Q630,,,,,,,,,
Q631,F73=7,F30=5,,,,,,,
Q632,F92=8,F16=4,F79=2,F52=2,F50=2,F58=5,F22=4,F59=7,
Q633,F16=6,F66=7,F72=7,,,,,,
Q634,F37=7,F59=7,F87=2,F53=5,F87=1,F81=5,,,
Q635,F21=6,F57=7,F79=4,F54=6,F28=9,F27=4,F93=3,,
Q636,F97=5,F76=3,F98=6,F68=6,,,,,
Q637,F40=5,,,,,,,,
Q638,F45=2,,,,,,,,
Q639,F75=8,F4=6,F66=3,F9=2,F41=5,F39=3,,,
Q640,F24=3,F1=4,F11=4,F78=1,F95=1,F42=6,,,
Q641,F78=2,F91=8,F34=2,F79=2,F7=3,,,,
Q642,F47=1,F61=1,F55=6,F83=2,F44=1,F89=9,F52=4,F37=8,
Q643,F37=7,F25=2,F43=1,F10=8,F27=3,F5=2,F75=9,F15=6,
Q644,F90=2,F8=2,,,,,,,
Q645,F7=3,F28=9,F4=4,F63=7,,,,,
Q646,F29=6,F54=6,,,,,,,
Q647,F93=8,F43=8,F10=9,F89=9,F64=5,F87=1,,,
Q648,F50=4,F52=5,F61=3,,,,,,
Q649,F48=8,F48=1,F23=4,,,,,,
Q650,F72=5,F5=2,F66=7,F47=2,,,,,
Q651,,,,,,,,,
Q652,,,,,,,,,
Q653,F90=2,,,,,,,,
Q654,F41=9,F89=9,F25=8,F59=6,F26=3,,,,
Q655,,,,,,,,,
Q656,F13=3,F49=6,F18=1,F9=4,F99=1,F55=5,F11=4,,
Q657,F87=1,F35=10,F20=6,F77=3,F35=0,F18=1,F7=2,,
Q658,F21=1,F14=6,F3=789,,,,,,
Q659,F43=8,F13=8,F15=4,,,,,,
Q660,F33=7,F91=9,F39=3,F17=6,,,,,
Q661,F14=2,F88=3,F20=5,F77=3,,,,,
Q662,F44=1,F28=2,F10=9,F91=8,,,,,
Q663,F82=5,F52=6,F71=7,,,,,,
Q664,F98=7,,,,,,,,
Q665,F24=4,F66=1,F87=4,F98=9,,,,,
Q666,F51=6,F14=9,F19=7,F40=4,,,,,
Q667,F83=8,F67=8,F92=3,F12=6,F70=5,,,,
Q668,F66=1,F8=1,F56=1,,,,,,
Q669,F78=3,F65=9,F87=5,F56=5,F43=2,,,,
Q670,F15=6,F44=6,F58=9,F73=7,,,,,
Q671,F85=7,F29=5,F58=7,F61=2,F93=3,F17=2,,,
Q672,F81=6,F59=1,F37=5,F86=2,F31=2,F0=6,F0=5,F47=6,
Q673,F56=5,F96=3,F23=8,F11=4,F64=2,F63=2,F74=3,F96=4,F67=10
Q674,F54=7,F72=7,F79=1,,,,,,
Q675,,,,,,,,,
Q676,F50=1,F2=3,F22=3,F7=2,F5=2,F85=5,F12=2,F56=1,F51=1
Q677,,,,,,,,,
Q678,F71=5,F59=1,F73=6,F25=10,F8=2,F24=4,,,
Q679,F50=4,,,,,,,,
Q680,F18=8,F97=2,F2=9,F90=1,F8=1,F61=3,F70=8,,
Q681,F42=3,F27=3,,,,,,,
Q682,,,,,,,,,
Q683,F66=1,F12=3,F69=3,F76=2,F30=6,,,,
Q684,F21=3,F96=1,F31=8,F59=1,F91=6,,,,
Q685,F23=9,F37=8,F99=2,F21=1,F96=4,F97=3,F99=7,F35=2,
Q686,F50=3,F8=1,F6=1,F97=1,,,,,
Q687,F91=7,F12=5,F12=5,,,,,,
Q688,F95=7,F14=2,F91=9,F77=3,,,,,
Q689,F67=10,F16=8,F2=2,F86=3,F83=2,,,,
Q690,F13=7,F27=3,F27=3,F71=139,F27=3,,,,
Q691,F16=6,F91=5,,,,,,,
Q692,F50=2,,,,,,,,
Q693,F41=2,F76=0,F30=2,F16=4,F47=4,,,,
Q694,F1=728,F77=4,F91=7,F14=6,F56=4,F84=6,,,
Q695,F87=0,F45=7,F71=7,F22=4,F26=4,F23=9,F41=2,,
Q696,F1=1,F68=5,F4=6,,,,,,
Q697,F36=5,F22=5,F4=4,F73=6,F43=9,,,,
Q698,F55=5,F16=8,F65=8,F48=2,F65=8,F46=4,F35=1,F41=2,
Q699,F54=6,F82=3,F14=6,F45=7,F6=2,F82=3,F25=9,F50=4,F70=5
Q700,F85=7,F89=8,,,,,,,
Q701,F27=3,F22=7,F29=1,F70=5,F15=4,,,,
Q702,F28=9,F2=3,F5=2,F78=7,F41=6,F66=7,F62=0,F98=6,F54=5
Q703,F32=1,F82=6,,,,,,,
Q704,F73=7,F16=4,F6=2,F35=1,F72=5,,,,
Q705,F43=2,F68=6,F4=4,F5=2,F96=4,F89=4,,,
Q706,F53=5,,,,,,,,
Q707,F16=8,F36=8,F25=2,F54=6,F93=7,F79=2,F68=5,F98=8,
Q708,F67=7,F43=2,F79=1,,,,,,
Q709,,,,,,,,,
Q710,F4=5,F16=4,F47=3,F42=4,F67=9,F11=4,F53=5,,
Q711,F8=2,F23=7,F40=5,F93=8,F16=4,F60=7,F88=2,F91=7,F35=0
Q712,F26=5,F98=7,F17=5,F77=3,F76=0,F49=6,F90=6,F95=8,F85=8
Q713,F35=1,F13=6,F88=2,,,,,,
Q714,F26=3,F29=10,F99=3,F82=5,F79=4,F86=2,,,
Q715,,,,,,,,,
Q716,F93=3,F38=0,F86=2,F31=2,F43=7,F50=4,,,
Q717,,,,,,,,,
Q718,F5=3,F76=0,F9=3,F37=7,F45=6,,,,
Q719,F22=3,F55=5,F22=3,F49=2,F22=3,F52=4,,,
Q720,F67=8,F95=8,F58=5,F57=3,,,,,
Q721,F97=3,F36=3,F48=1,F0=1,F83=10,F62=7,,,
Q722,F4=6,F1=1,F68=6,F99=7,F4=6,F45=2,F90=6,F51=0,F29=5
Q723,F62=6,F59=8,F45=3,F96=4,F98=8,F8=2,F80=8,F73=7,
Q724,F58=7,F35=1,F87=2,F22=7,F68=6,F62=7,,,
Q725,F10=6,F39=9,F22=5,F94=1,F64=5,F34=10,F17=1,F9=5,F49=6
Q726,F90=4,F79=4,,,,,,,
Q727,F95=8,F42=9,F90=6,,,,,,
Q728,F11=4,F36=8,F39=10,F22=3,F40=3,F12=2,F25=2,,
Q729,F59=2,F12=1,F90=3,F33=7,F66=5,,,,
Q730,F92=9,F2=1,F12=3,F27=4,F53=5,F6=2,F80=7,F74=3,F3=4
Q731,F96=1,F46=8,F49=7,F72=1,F79=4,,,,
Q732,F18=8,F55=5,F68=5,F94=9,F27=3,,,,
Q733,F82=3,F83=1,,,,,,,
Q734,F20=6,F27=4,F30=7,F36=8,F56=4,F52=4,F65=6,F81=9,F81=9
Q735,F89=10,,,,,,,,
Q736,F67=8,F91=7,,,,,,,
Q737,F60=2,F11=4,F61=3,F15=4,F69=10,F32=0,F68=6,F64=7,F14=9
Q738,F72=5,F61=1,F32=1,F24=3,F2=643,F36=3,F38=1,F70=10,F17=4
Q739,F91=7,F38=0,F39=9,F46=5,F2=243,F55=2,F8=1,F44=6,
Q740,F9=4,F55=5,F2=9,F50=2,F55=5,F64=9,,,
Q741,F23=3,F52=3,F35=9,F72=7,F46=9,F56=4,F58=7,F90=1,
Q742,,,,,,,,,
Q743,F20=5,F17=6,F71=5,F47=3,,,,,
Q744,F17=4,F54=5,F9=3,F32=1,F87=1,F35=0,F17=2,F63=9,F26=5
Q745,F20=6,F15=7,F63=2,F78=7,,,,,
Q746,F91=6,F46=4,F46=8,F76=7,,,,,
Q747,F40=4,,,,,,,,
Q748,F17=60,F7=2,F1=4,F27=3,F33=7,F44=6,F6=2,,
Q749,F96=3,F56=5,F55=3,F32=2,F49=1,F20=5,F7=4,F50=2,F65=8
Q750,F56=1,F3=4,,,,,,,
Q751,,,,,,,,,
Q752,F12=1,,,,,,,,
Q753,,,,,,,,,
Q754,F98=6,F18=1,F72=1,F97=3,F5=1,F16=9,,,
Q755,F98=6,F7=2,,,,,,,
Q756,F61=0,F43=8,F0=0,F72=6,F51=9,F84=3,F19=6,,
Q757,F54=7,F34=2,,,,,,,
Q758,F81=9,F36=3,F64=8,F99=2,F0=4,,,,
Q759,F78=1,F99=6,F70=7,F78=3,F22=5,F81=6,F97=3,,
Q760,F85=4,F59=2,F17=5,,,,,,
Q761,F29=2,F93=3,F29=9,F48=9,F96=3,,,,
Q762,F90=7,,,,,,,,
Q763,F7=4,F29=2,F78=2,F30=3,F0=3,F63=8,F75=5,F26=4,
Q764,F50=3,F66=6,F14=7,F67=8,F96=1,F86=3,F27=5,F95=9,
Q765,F12=2,F19=1,F72=7,F3=4,F47=4,F81=634,F60=7,,
Q766,F76=7,F98=7,F15=4,F47=6,F15=7,F20=5,F33=8,F74=2,F51=0
Q767,F93=6,F74=3,F57=3,F98=6,F94=9,,,,
Q768,,,,,,,,,
Q769,,,,,,,,,
Q770,F36=3,F70=4,F16=7,,,,,,
Q771,,,,,,,,,
Q772,F40=6,F19=940,F62=0,F10=6,F51=8,F93=3,F8=1,,
Q773,F98=8,F6=4,F17=6,F3=7,F33=6,F81=6,F81=7,F27=3,
Q774,,,,,,,,,
Q775,F48=2,F73=7,,,,,,,
Q776,F80=8,F47=6,F90=2,F64=3,F16=8,F60=1,F94=1,,
Q777,F80=7,,,,,,,,
Q778,F46=5,F24=1,F4=4,F25=9,F50=1,F7=5,F63=1,F67=7,F13=5
Q779,F87=3,F32=1,,,,,,,
Q780,F11=9,F99=4,,,,,,,
Q781,F11=5,,,,,,,,
Q782,F62=8,F17=6,,,,,,,
Q783,F23=5,,,,,,,,
Q784,F85=8,F74=3,F44=6,,,,,,
Q785,F17=6,,,,,,,,
Q786,F19=6,F37=5,F64=1,F31=8,F52=3,,,,
Q787,F56=5,F89=11,F81=7,F10=10,,,,,
Q788,F52=6,F89=5,F79=3,F53=3,F20=5,F2=1,,,
Q789,F57=3,F11=3,F36=8,F76=3,F35=9,F70=5,F59=8,F68=5,
Q790,F99=2,F56=1,F27=4,F55=5,F32=1,,,,
Q791,F86=9,F84=6,F16=7,F47=3,F90=2,F66=5,F16=8,F56=5,
Q792,F73=7,F33=6,F9=0,F3=2,F70=9,F89=5,,,
Q793,F94=9,F48=1,F88=2,F91=6,F3=5,F92=7,F76=1,F74=3,F76=3
Q794,F75=4,F67=7,F20=9,F62=6,F80=6,F65=6,F87=2,,
Q795,F49=6,,,,,,,,
Q796,F1=2,,,,,,,,
Q797,,,,,,,,,
Q798,F18=2,F32=1,F94=6,F99=6,F92=9,F29=1,,,
Q799,F65=6,F63=1,F60=2,F20=9,F46=9,F73=853,F18=2,F24=8,
Q800,F15=5,F89=4,F6=1,F94=10,F68=6,F2=3,F32=1,F85=7,F38=9
Q801,F96=4,,,,,,,,
Q802,F70=7,F8=1,F72=1,F82=7,F82=5,F13=7,F8=1,,
Q803,F83=2,F91=7,F17=4,F39=9,F31=2,F32=1,F61=3,F16=7,F97=5
Q804,F41=2,F47=3,F50=3,F84=6,F80=7,F11=4,,,
Q805,F5=1,F72=4,F68=6,F79=1,F84=6,,,,
Q806,F11=9,F18=8,F63=1,F74=2,F49=6,F36=4,F57=7,F68=2,
Q807,F86=2,F82=4,F2=3,F18=2,F64=8,,,,
Q808,F63=2,F38=3,F29=10,F32=2,F31=2,,,,
Q809,F29=5,,,,,,,,
Q810,F81=6,F2=3,F18=2,F16=8,F89=9,,,,
Q811,,,,,,,,,
Q812,F94=9,F0=1,F5=1,F47=3,F80=8,F66=2,F23=4,F96=4,F45=6
Q813,F87=2,F13=4,F74=3,F93=7,F37=7,,,,
Q814,F37=6,F39=3,F17=6,F72=7,,,,,
Q815,F57=2,F14=9,F68=6,F94=6,F18=2,F53=2,F45=5,F34=2,
Q816,F15=5,F69=4,F73=6,,,,,,
Q817,,,,,,,,,
Q818,F99=2,F99=3,,,,,,,
Q819,F45=2,F64=3,F39=10,F47=6,F96=0,F85=8,,,
Q820,F62=6,F40=5,F61=3,F66=0,F17=4,F42=6,,,
Q821,F72=8,F36=8,F94=10,F10=8,F43=7,F0=3,F97=5,F20=5,
Q822,F3=2,F17=7,F61=3,F29=6,F8=2,F72=6,F30=4,F21=4,
Q823,F45=4,,,,,,,,
Q824,,,,,,,,,
Q825,F87=4,F92=9,,,,,,,
Q826,F20=6,F71=6,F71=7,F7=2,,,,,
Q827,F37=6,F15=986,F52=5,F92=8,F8=1,,,,
Q828,F39=4,F5=3,F75=8,F78=3,F82=7,F33=6,F93=7,,
Q829,F17=6,F20=5,F56=2,F41=2,F74=3,F84=6,F96=5,F3=1,
Q830,F0=1,F66=3,F54=4,F8=1,F34=278,F13=2,,,
Q831,F87=2,F31=8,F38=9,F47=3,F94=6,F83=2,,,
Q832,F95=1,F71=7,F7=4,F36=5,F51=2,F18=1,F55=3,,
Q833,F97=6,F78=1,F0=0,,,,,,
Q834,F49=2,,,,,,,,
Q835,F45=2,F75=5,F46=5,F33=2,F98=5,F42=6,F62=6,F35=10,
Q836,F58=4,F52=3,F93=8,F28=1,F47=2,F40=6,F22=7,F81=6,F69=2
Q837,F70=5,F63=2,F24=2,F65=6,,,,,
Q838,F65=8,F57=2,F16=4,F10=7,F0=2,F30=3,F3=6,F94=6,F26=4
Q839,F58=4,F20=8,F80=8,F86=2,,,,,
Q840,F16=7,,,,,,,,
Q841,F16=8,F88=2,F5=2,F39=3,F80=2,F83=8,F34=9,F31=3,F44=6
Q842,F33=3,F42=6,F30=4,F32=2,F16=7,,,,
Q843,F33=2,F43=2,,,,,,,
Q844,,,,,,,,,
Q845,F13=8,F16=8,F64=2,F71=7,F58=5,F32=0,,,
Q846,F95=1,,,,,,,,
Q847,F59=0,F11=10,F90=3,F8=2,F31=8,F21=3,F96=3,F29=3,F95=7
Q848,F27=2,F41=9,F57=0,F19=8,F5=1,F55=2,F85=8,F73=6,F14=6
Q849,F40=4,F10=9,F69=9,F56=1,,,,,
Q850,F73=6,F78=7,F47=2,F36=2,F81=7,,,,
Q851,F35=1,F0=3,F60=6,F26=4,F65=8,,,,
Q852,F35=9,F61=3,,,,,,,
Q853,F41=9,F78=8,F91=7,,,,,,
Q854,F35=9,F8=1,F1=1,,,,,,
Q855,F17=5,F97=1,F78=2,F70=5,F52=5,F85=7,F44=6,F61=3,
Q856,F88=2,F34=9,F87=2,F29=2,F83=2,F10=8,F14=10,,
Q857,F51=7,F72=4,F38=10,F52=5,F62=1,F97=1,,,
Q858,F16=9,F25=8,F41=1,F47=6,F39=2,F71=5,,,
Q859,F53=6,,,,,,,,
Q860,F89=3,F57=2,F83=3,F71=7,F53=2,F59=1,,,
Q861,F59=8,F44=0,F35=1,F99=4,F34=3,F72=0,F40=6,,
Q862,F19=419,F87=2,F18=2,F44=5,F55=7,,,,
Q863,F79=4,F45=1,F17=2,F29=5,,,,,
Q864,F82=5,F69=3,F28=10,F59=7,F23=4,F89=10,,,
Q865,F79=4,F39=10,F68=6,,,,,,
Q866,F38=1,F17=5,F10=8,F34=2,F50=3,,,,
Q867,F2=1,F23=8,F16=4,F70=9,,,,,
Q868,F1=8,F22=5,F69=1,F71=5,F10=9,,,,
Q869,F54=4,F72=4,F90=1,F89=10,,,,,
Q870,F30=4,F12=450,F73=7,F24=2,F58=7,F59=9,F84=6,F13=7,
Q871,F70=9,F6=1,F88=2,F9=4,F78=7,F86=9,F9=2,F4=3,F68=6
Q872,F75=5,F87=2,F99=2,,,,,,
Q873,F9=1,F43=10,F47=4,,,,,,
Q874,F22=3,F19=5,F22=6,F98=6,F86=2,,,,
Q875,F21=1,F89=4,F91=7,F30=4,F36=3,F38=10,F5=2,F44=7,
Q876,F89=9,F30=7,F64=3,,,,,,
Q877,F19=8,F63=8,F31=3,F78=3,F4=6,F18=2,F47=4,F90=1,F31=8
Q878,F60=6,,,,,,,,
Q879,F88=1,F60=1,F16=6,F39=4,F78=0,,,,
Q880,F85=7,F33=6,F31=2,F27=4,F99=7,F87=5,F57=2,F80=8,F80=1
Q881,F80=7,F30=4,F74=947,F49=3,F35=9,F32=1,F24=2,,
Q882,F71=5,F32=0,F96=5,F55=7,F86=3,,,,
Q883,F8=2,F33=6,F5=1,F69=9,F96=3,F92=4,,,
Q884,F56=4,,,,,,,,
Q885,F70=7,F28=9,F28=9,F54=5,F49=1,F29=6,,,
Q886,F65=9,F71=7,F43=2,F57=7,F92=4,F13=7,F58=4,F50=2,
Q887,F0=4,F19=5,F47=3,F34=124,,,,,
Q888,F48=1,F43=9,F75=8,F10=7,F1=3,F5=3,F22=4,F75=4,F7=3
Q889,F68=2,F43=8,F55=6,,,,,,
Q890,F97=1,F39=3,F36=5,F72=5,F32=0,F2=1,F96=0,F30=4,
Q891,,,,,,,,,
Q892,F23=7,F47=6,F74=3,F63=1,F59=5,,,,
Q893,F84=3,F78=1,F2=3,F37=5,F97=4,F33=6,F90=3,F74=3,
Q894,F77=152,F40=5,,,,,,,
Q895,F7=2,F19=5,F45=3,F29=2,,,,,
Q896,F41=4,F97=1,F97=5,F19=1,F58=7,F28=2,,,
Q897,F51=8,F94=8,F97=1,F46=5,F21=7,F2=2,F5=2,F28=2,
Q898,F36=9,F65=6,F81=8,,,,,,
Q899,F43=2,F73=6,F54=6,F43=7,,,,,
Q900,F9=5,F91=7,F47=3,F59=6,F79=4,F65=9,F26=3,,
Q901,F68=7,F29=9,F38=9,,,,,,
Q902,F82=5,F90=3,F97=3,F45=6,F74=4,F37=4,F7=2,,
Q903,F86=9,F75=8,F61=3,F63=8,F74=4,F44=1,,,
Q904,F38=3,F44=7,F79=2,F30=7,F42=3,F93=7,F75=4,F82=4,
Q905,F23=10,F86=1,F6=1,F33=1,F39=2,F98=7,F43=8,,
Q906,F58=8,F54=7,,,,,,,
Q907,F83=9,F77=3,F54=7,F92=4,,,,,
Q908,F33=7,F0=1,F46=9,F84=6,F0=3,F72=1,,,
Q909,F76=6,F40=6,F82=5,F40=5,F75=6,F39=9,F1=9,F33=2,
Q910,F90=7,F66=6,F98=8,F48=2,F58=4,F44=1,,,
Q911,,,,,,,,,
Q912,F88=1,F65=426,F18=8,F93=6,F32=2,,,,
Q913,F76=3,F71=5,F61=3,F39=3,F95=9,F43=6,,,
Q914,,,,,,,,,
Q915,F57=8,F50=3,F35=0,F94=6,F86=9,F76=3,F95=7,,
Q916,,,,,,,,,
Q917,F83=9,F51=9,F36=3,,,,,,
Q918,F55=3,F61=470,F78=3,F86=9,,,,,
Q919,F60=6,F90=293,F48=1,F1=0,,,,,
Q920,F84=2,F4=6,F72=5,F8=1,F49=726,F38=10,F26=4,F20=9,
Q921,F3=4,F59=7,F35=0,F18=1,F54=6,F4=7,,,
Q922,F8=1,F46=4,F12=5,F63=1,,,,,
Q923,,,,,,,,,
Q924,F54=7,F87=4,F79=2,F68=5,,,,,
Q925,F39=10,F75=8,F47=3,F66=3,F29=5,F95=1,F89=10,F62=6,
Q926,F82=8,F7=5,F7=3,F79=5,F78=8,,,,
Q927,F0=3,,,,,,,,
Q928,F29=2,F93=5,F42=3,F34=9,F27=3,F92=4,F76=6,F27=7,
Q929,F89=9,F56=4,F54=5,F49=6,F86=9,F15=4,F10=5,F80=6,
Q930,F52=6,F1=9,F33=7,F94=9,F85=3,F64=8,F90=3,F66=6,F80=8
Q931,F32=2,F45=6,F84=3,F45=7,F61=3,F84=5,F60=0,F62=8,F61=3
Q932,F25=3,F15=4,F31=8,F4=4,F19=6,F24=8,F53=4,,
Q933,F55=5,F47=6,F37=5,F64=2,F0=1,F38=3,F19=9,F48=1,
Q934,F96=1,F11=9,F48=1,F45=6,F76=3,F41=4,F92=9,F16=9,F97=3
Q935,F0=4,,,,,,,,
Q936,F19=8,F53=5,F50=2,F58=8,F55=3,F24=5,,,
Q937,F77=2,F83=1,F48=1,F16=8,F79=3,F39=10,F34=2,,
Q938,,,,,,,,,
Q939,F46=4,F48=0,F35=0,F66=1,F26=3,,,,
Q940,F89=3,F37=5,F72=2,F85=5,F1=0,,,,
Q941,F15=6,F66=4,F73=7,F72=1,F54=5,F29=2,F36=2,,
Q942,F40=4,F63=1,F70=9,,,,,,
Q943,F26=3,F41=5,F50=3,F40=5,F20=5,F8=1,F51=7,,
Q944,F78=8,F10=7,F92=3,F5=3,,,,,
Q945,F24=2,F77=4,F61=2,F9=2,,,,,
Q946,F23=8,F0=1,F76=6,F47=4,F12=1,F5=1,,,
Q947,F6=1,F14=8,,,,,,,
Q948,F68=5,F91=8,F31=8,F99=5,F63=8,F12=2,F94=9,F41=8,
Q949,,,,,,,,,
Q950,F92=3,F99=2,F23=8,F74=2,F51=8,F41=4,F16=9,F12=6,
Q951,F38=10,F31=2,F52=4,,,,,,
Q952,F37=6,F70=5,F33=6,F79=4,F63=9,,,,
Q953,F68=4,F11=10,F14=1,F77=8,F33=5,F12=1,F86=3,F46=4,F41=3
Q954,F50=3,F19=2,F73=7,,,,,,
Q955,F80=6,F55=5,F79=3,F23=4,F56=1,,,,
Q956,F43=7,F35=10,F60=6,F48=2,F32=3,,,,
Q957,F89=10,F36=3,F53=2,F56=0,F58=4,F7=2,F7=3,,
Q958,F24=4,F15=4,F55=3,F98=6,,,,,
Q959,F30=3,F82=9,F20=5,F86=10,F84=6,F57=7,F38=9,,
Q960,,,,,,,,,
Q961,F32=1,F32=2,F20=8,F19=5,F49=6,F87=4,F59=7,,
Q962,F75=9,F8=2,F80=6,F61=2,F48=0,,,,
Q963,F30=8,,,,,,,,
Q964,F17=1,F77=3,,,,,,,
Q965,F7=4,F7=5,F17=4,F58=10,,,,,
Q966,F23=4,F87=1,F48=8,F92=8,F13=3,F3=2,F44=5,F50=4,
Q967,F70=5,F3=6,F64=9,F14=6,F52=4,F85=4,F81=8,F11=4,
Q968,F18=0,F58=7,F45=6,,,,,,
Q969,F21=4,F16=4,F82=5,F66=4,F32=0,F46=3,F44=5,F84=5,F78=2
Q970,F27=2,F83=2,F16=7,F65=6,F26=3,F79=3,F89=8,,
Q971,F82=9,F71=6,F21=4,F74=3,F83=2,F21=4,F46=5,F32=0,
Q972,F1=0,F79=4,F26=3,F20=5,F69=2,F21=4,F56=5,,
Q973,F27=3,F40=3,F91=8,F40=4,F11=4,,,,
Q974,F80=7,F6=5,F36=5,F87=2,,,,,
Q975,F63=9,F93=5,F99=1,,,,,,
Q976,F71=7,F28=2,,,,,,,
Q977,F45=4,F65=9,F41=4,F0=3,F2=1,F17=5,,,
Q978,F79=3,F52=2,F96=3,F92=8,F26=2,,,,
Q979,,,,,,,,,
Q980,F22=6,F29=5,F84=6,F5=2,F73=6,F38=9,F25=2,,
Q981,F18=2,,,,,,,,
Q982,F79=2,,,,,,,,
Q983,F58=10,F30=4,F79=2,F93=3,F74=3,F93=8,F6=2,F49=2,F50=4
Q984,F65=9,F33=1,F30=3,F43=2,F94=9,F1=9,F94=10,F61=3,
Q985,F74=3,F99=2,F96=1,F60=0,F60=2,F32=3,F26=4,F99=3,F77=663
Q986,F43=8,F70=10,F18=2,F22=3,F55=3,,,,
Q987,F41=1,F47=6,F88=3,F82=4,F20=8,F3=3,F71=5,F72=6,
Q988,F72=2,F69=3,F62=7,F16=8,F7=5,F76=3,F84=5,F63=3,
Q989,F46=5,F50=3,F23=9,F70=8,F17=4,F98=6,,,
Q990,F13=6,F73=7,,,,,,,
Q991,F54=5,F51=8,F47=6,F88=2,F72=2,F41=4,F24=3,F68=2,F93=2
Q992,F19=7,F12=1,F1=1,F80=6,F37=6,F58=7,F46=9,F11=9,
Q993,F39=4,F8=2,,,,,,,
Q994,F46=9,F14=8,F29=2,F49=5,F58=5,F20=5,F99=3,F33=6,F27=2
Q995,,,,,,,,,
Q996,F53=2,F56=4,F27=3,F75=8,F20=8,F97=4,,,
Q997,F34=2,F15=6,F75=9,F25=3,F98=7,,,,
Q998,F45=7,F41=1,F0=4,F49=1,F51=10,F34=8,,,
Q999,F50=3,F16=6,F8=2,F50=4,F14=1,F79=3,F7=4,F84=4,F33=2
Q1000,F29=5,F86=9,F0=3,F83=2,,,,,
Q1001,F47=3,F35=8,F93=6,F4=5,F6=5,F54=4,F92=3,F7=4,
Q1002,,,,,,,,,
Q1003,F94=2,F57=8,,,,,,,
Q1004,F38=3,F66=0,F91=7,F16=8,F25=2,F67=8,F49=5,,
Q1005,F35=9,F16=9,F55=5,F9=4,F64=5,F99=3,F34=2,F5=3,
Q1006,F99=0,F16=7,F35=1,F39=2,F37=6,F5=2,,,
Q1007,F34=2,F75=4,F14=5,F53=4,F6=2,F10=9,F83=1,F14=8,F21=7
Q1008,F66=4,F51=0,F47=6,F99=3,F88=3,F24=4,,,
Q1009,F15=6,F8=2,F17=1,F62=7,F65=9,,,,
Q1010,F59=7,F37=6,F15=6,F7=5,F82=4,F44=6,F90=2,,
Q1011,,,,,,,,,
Q1012,F13=8,F89=10,F21=4,F66=1,F56=4,F54=5,F97=1,F56=4,F56=1
Q1013,F83=3,F35=0,F80=1,F62=8,F85=7,F16=4,F58=8,F17=1,
Q1014,F74=3,F38=2,F92=8,,,,,,
Q1015,,,,,,,,,
Q1016,F62=7,F60=2,,,,,,,
Q1017,F74=2,F45=2,F12=2,F65=6,F82=8,,,,
Q1018,F56=1,F40=5,F52=2,F26=4,,,,,
Q1019,F12=3,F54=5,F81=8,F95=8,F39=3,F29=9,F22=5,,
Q1020,F13=6,F47=2,F33=6,F0=0,F47=7,F41=5,F1=1,F38=10,F60=1
Q1021,F80=7,F63=1,F16=4,F83=2,F24=5,F36=4,,,
Q1022,F42=9,F93=8,F53=5,F75=9,F55=2,F80=2,F19=5,F90=2,
Q1023,F17=3,F62=9,,,,,,,
Q1024,F80=6,F4=4,F85=5,,,,,,
Q1025,,,,,,,,,
Q1026,F58=7,F61=2,F35=1,F23=7,F59=2,,,,
Q1027,F68=3,F32=3,F42=6,F18=1,F65=6,F86=2,F11=4,,
Q1028,F95=7,F81=7,F8=1,F21=7,F15=4,F17=6,F43=8,F5=3,
Q1029,F94=10,F99=4,F62=7,F84=4,F11=4,F88=2,F54=5,,
Q1030,F24=7,F61=2,F26=4,F68=6,F70=10,F29=9,,,
Q1031,F79=3,,,,,,,,
Q1032,F75=5,,,,,,,,
Q1033,F28=2,F88=3,F53=6,F44=5,F20=5,F25=3,,,
Q1034,,,,,,,,,
Q1035,F32=1,F96=4,F72=2,,,,,,
Q1036,F97=4,F91=6,F68=2,F36=8,F26=4,F87=2,,,
Q1037,F22=3,F27=3,F3=1,F20=6,F12=2,F51=9,F95=8,F13=8,F48=3
Q1038,F1=1,F33=1,F64=6,F26=5,,,,,
Q1039,F58=4,F79=4,F8=1,F23=8,F63=688,F75=4,,,
Q1040,F16=6,,,,,,,,
Q1041,F83=8,F6=2,F12=6,F58=4,,,,,
Q1042,F70=4,F91=8,F63=1,F39=4,F20=8,F10=6,F50=5,F67=9,F22=5
Q1043,F26=4,F96=5,F49=916,F97=3,,,,,
Q1044,F27=5,,,,,,,,
Q1045,F5=2,F28=10,,,,,,,
Q1046,F26=2,,,,,,,,
Q1047,F47=5,F3=1,,,,,,,
Q1048,F17=3,F24=7,F56=5,F87=1,F49=6,F19=5,F7=5,,
Q1049,F79=5,F18=2,,,,,,,
Q1050,F44=1,F87=4,F49=1,F43=3,F52=2,F31=8,F21=0,F17=6,F28=1
Q1051,F33=1,,,,,,,,
Q1052,F94=2,F15=7,F33=6,F87=4,F94=6,F61=2,F6=2,F69=10,F86=10
Q1053,F31=9,F52=3,F20=5,F87=3,F79=2,F66=3,F81=9,F35=0,
Q1054,F80=8,F29=4,F37=5,F69=3,F63=8,F95=7,,,
Q1055,F93=7,,,,,,,,
Q1056,F33=2,,,,,,,,
Q1057,F41=10,F82=4,F46=4,F42=9,,,,,
Q1058,F34=10,F15=7,F20=8,,,,,,
Q1059,F75=5,,,,,,,,
Q1060,F94=9,F63=1,F96=4,F19=1,,,,,
Q1061,F73=8,F69=2,F19=2,F78=2,F99=3,F62=8,F13=8,F81=7,F51=9
Q1062,F26=3,,,,,,,,
Q1063,F7=1,,,,,,,,
Q1064,F25=3,F2=1,F54=7,F13=3,F91=7,,,,
Q1065,F50=4,F71=7,F29=2,F68=7,F46=9,F62=0,F88=0,F60=6,F87=3
Q1066,F76=1,F46=9,F32=2,F89=8,F20=5,F7=3,F29=5,F87=5,
Q1067,F11=4,,,,,,,,
Q1068,,,,,,,,,
Q1069,F55=4,F98=6,F13=9,,,,,,
Q1070,F65=9,F1=0,F16=8,F78=7,F66=1,F83=3,F66=4,,
Q1071,F47=3,F85=8,F41=9,F91=7,F33=2,F71=7,F34=2,F72=7,
Q1072,F16=4,F0=5,,,,,,,
Q1073,F74=4,F44=6,F63=3,F56=1,F10=5,F63=8,F73=7,,
Q1074,F75=5,F82=5,F33=7,F2=1,,,,,
Q1075,F87=2,F31=3,F74=1,F39=3,F22=4,F57=8,F56=2,F33=5,F88=2
Q1076,,,,,,,,,
Q1077,F68=2,F62=6,F41=10,F97=5,F84=3,,,,
Q1078,F68=3,F87=3,F64=8,F64=1,F23=8,F8=2,,,
Q1079,F8=2,F98=6,,,,,,,
Q1080,F95=1,F56=2,F83=9,F31=9,F29=2,F36=4,F96=4,,
Q1081,F72=6,F37=6,F17=2,F60=6,,,,,
Q1082,F19=1,F61=3,F20=6,,,,,,
Q1083,F50=2,F8=2,F35=1,F49=1,F73=6,F7=5,F76=0,F5=0,
Q1084,,,,,,,,,
Q1085,F56=34,F38=1,F33=2,F5=3,F26=2,F22=6,F18=2,F23=9,F81=7
Q1086,F82=9,F69=2,F28=8,,,,,,
Q1087,F38=2,F80=8,F88=0,F51=1,F91=8,,,,
Q1088,F76=3,F44=1,F91=8,F74=2,,,,,
Q1089,F23=3,F30=3,F28=9,F94=7,F60=6,,,,
Q1090,F69=3,F87=3,F6=4,F43=6,,,,,
Q1091,F90=1,F8=3,F55=4,F77=3,F69=2,F62=0,F69=2,F36=8,
Q1092,F15=4,F20=6,F91=8,F50=3,F10=5,F84=3,F77=9,F64=6,F69=3
Q1093,F61=3,F94=9,F66=8,F12=3,F89=9,,,,
Q1094,F10=5,,,,,,,,
Q1095,F95=8,F21=4,F20=5,F21=1,F92=9,F17=5,F72=1,F94=10,
Q1096,F71=5,F50=3,F55=5,F71=5,F36=5,F49=1,F98=6,,
Q1097,F64=2,F18=2,F23=4,F80=7,F47=6,F2=9,,,
Q1098,F48=8,,,,,,,,
Q1099,F59=8,,,,,,,,
Q1100,F50=2,F81=7,F18=8,F81=7,F96=3,F54=5,F36=3,,
Q1101,F30=6,F70=8,F44=5,F94=5,F36=8,,,,
Q1102,F52=5,F26=2,F79=4,F79=4,F36=3,F96=0,,,
Q1103,F78=2,F28=2,F59=7,F12=3,,,,,
Q1104,F27=6,F55=5,F31=9,F12=1,F87=1,F40=6,F43=2,F75=5,
Q1105,F73=6,,,,,,,,
Q1106,F33=6,F6=4,F58=9,,,,,,
Q1107,F57=2,F51=10,F46=9,F75=8,F99=2,F67=9,F18=2,F20=5,F46=9
Q1108,F71=5,F65=5,F47=3,F13=7,F43=9,F15=6,F81=7,F37=7,F0=0
Q1109,F86=9,F61=2,F51=10,,,,,,
Q1110,,,,,,,,,
Q1111,F12=5,F43=2,F93=6,,,,,,
Q1112,F77=4,F24=2,F65=6,F79=4,F63=1,F7=2,F52=4,F17=4,F91=6
Q1113,F73=7,F77=4,F53=2,F59=6,F83=8,,,,
Q1114,F40=6,F85=4,F41=2,F97=1,F9=3,F80=7,,,
Q1115,F95=1,F43=8,F30=7,F78=1,F54=6,,,,
Q1116,F16=8,F19=5,F28=2,F53=2,F3=1,F71=7,F25=2,F27=4,
Q1117,F36=3,F18=1,F46=9,,,,,,
Q1118,F57=2,F83=4,F39=2,F25=1,F90=3,F87=2,F5=2,,
Q1119,F5=1,F28=8,F95=1,F54=5,,,,,
Q1120,F33=6,F4=4,F56=4,F16=10,F52=3,F30=4,F96=2,F86=2,F57=7
Q1121,F10=9,F90=3,F56=5,,,,,,
Q1122,F90=2,F49=6,F41=8,F19=9,F78=0,,,,
Q1123,F40=3,F97=3,F10=8,F10=9,F35=9,F21=4,,,
Q1124,F95=0,F62=1,F89=9,F63=8,F83=3,,,,
Q1125,F12=5,F32=2,F49=5,F42=3,F55=5,F74=3,,,
Q1126,F29=9,F9=2,F41=8,F95=7,F22=4,F48=8,F51=9,F80=1,F21=1
Q1127,F99=6,F87=4,F26=3,,,,,,
Q1128,F86=2,,,,,,,,
Q1129,F95=1,F65=6,F94=5,F58=8,F97=6,F14=1,,,
Q1130,F78=0,F50=2,F36=5,F17=2,,,,,
Q1131,F78=2,F16=8,F69=3,F14=6,F5=1,,,,
Q1132,F63=3,F67=7,F1=8,F15=7,,,,,
Q1133,F69=2,F0=1,F49=6,F40=4,F57=3,F71=5,F83=2,F6=5,F69=2
Q1134,F18=2,F84=6,,,,,,,
Q1135,F95=1,F39=9,F61=2,F14=2,F39=4,F84=5,F96=4,F69=10,F61=1
Q1136,F25=3,F50=1,F71=7,F62=0,F23=4,F55=2,F56=4,F12=2,
Q1137,F49=1,F1=1,F90=2,F61=0,F66=4,F82=4,F67=8,,
Q1138,F52=3,F4=5,,,,,,,
Q1139,,,,,,,,,
Q1140,,,,,,,,,
Q1141,F79=2,F58=7,F52=3,,,,,,
Q1142,F81=7,,,,,,,,
Q1143,F88=3,F63=3,F8=2,F23=9,F16=8,F58=5,F7=1,,
Q1144,,,,,,,,,
Q1145,F14=9,F60=6,F4=6,F32=588,F55=3,F27=3,F23=8,F9=2,
Q1146,F27=6,F92=8,F62=6,F78=2,F39=10,F95=8,,,
Q1147,F73=6,F42=4,F63=3,F2=0,F23=4,F42=3,F55=3,F46=5,F35=2
Q1148,F10=8,F65=9,F61=1,F13=7,F97=4,F11=9,F25=10,,
Q1149,F41=9,F0=5,F49=2,F25=2,F84=4,,,,
Q1150,F95=7,F0=3,F81=10,F8=2,F62=8,F82=5,F66=1,F63=9,F85=4
Q1151,F4=6,F35=10,F17=7,,,,,,
Q1152,F66=7,F24=1,,,,,,,
Q1153,F96=2,,,,,,,,
Q1154,F54=6,F98=9,F50=4,,,,,,
Q1155,,,,,,,,,
Q1156,F50=4,F19=5,F95=1,F12=2,,,,,
Q1157,F33=8,,,,,,,,
Q1158,F45=3,F3=4,F81=6,F0=1,F29=2,F47=2,F58=8,F31=8,
Q1159,F48=2,F26=3,F33=7,,,,,,
Q1160,F16=6,F63=3,F71=5,F92=9,F38=9,F49=2,F62=0,,
Q1161,F65=9,F35=0,F67=8,,,,,,
Q1162,F4=5,,,,,,,,
Q1163,F71=7,F49=2,F21=8,,,,,,
Q1164,F20=6,F63=8,F2=2,F57=3,,,,,
Q1165,F90=2,F98=8,F2=1,F32=149,,,,,
Q1166,F37=7,,,,,,,,
Q1167,F46=4,,,,,,,,
Q1168,F65=9,F65=10,F35=1,F12=2,,,,,
Q1169,F22=5,F0=794,F21=8,F11=4,F60=1,,,,
Q1170,F36=3,,,,,,,,
Q1171,F61=2,F90=3,F10=8,F8=1,,,,,
Q1172,F75=4,F19=5,F64=8,F52=2,F33=6,F25=9,,,
Q1173,F96=4,F1=3,F41=8,F10=8,F42=9,F3=1,F47=4,F33=8,
Q1174,F21=3,F12=2,F73=8,F86=2,F82=5,F75=4,,,
Q1175,F58=8,F56=5,F1=1,F97=5,F22=4,F79=4,F4=7,F64=2,
Q1176,F86=8,F3=4,F32=2,,,,,,
Q1177,F88=1,F62=7,F51=1,F34=9,F16=4,,,,
Q1178,F87=1,F56=1,F3=0,F9=2,F38=1,F59=7,,,
Q1179,F84=5,F83=3,,,,,,,
Q1180,F97=1,,,,,,,,
Q1181,,,,,,,,,
Q1182,F92=8,F66=1,F90=2,F65=10,F69=3,F70=5,,,
Q1183,F31=8,F60=6,F16=7,F44=0,F75=8,F52=3,F70=5,F95=7,F78=1
Q1184,,,,,,,,,
Q1185,F71=8,F6=1,F40=565,F8=1,F93=7,F65=9,F50=4,F94=1,F4=3
Q1186,F69=2,F76=5,F79=4,F0=2,F56=5,F87=4,,,
Q1187,F95=6,F38=1,F43=2,F21=0,F60=1,F6=4,F90=6,,
Q1188,F64=6,,,,,,,,
Q1189,F64=2,F98=7,F98=7,F88=2,F45=2,F69=1,,,
Q1190,F63=0,,,,,,,,
Q1191,F1=3,F56=5,F33=1,F95=7,F65=8,F28=9,F46=5,F53=5,
Q1192,F44=5,F68=5,F36=2,F59=7,F43=8,F90=2,F86=2,,
Q1193,F52=3,F71=6,F68=4,,,,,,
Q1194,F32=2,F97=4,F60=7,F82=9,F49=6,F19=5,F18=8,F81=9,
Q1195,F34=2,F95=7,F82=9,,,,,,
Q1196,F17=6,F58=9,,,,,,,
Q1197,F81=9,F44=1,,,,,,,
Q1198,F68=6,F6=1,F38=2,F63=1,F49=7,F87=5,F62=9,,
Q1199,F53=3,F82=4,F85=5,,,,,,
Q1200,F28=10,,,,,,,,
Q1201,F41=2,F44=5,F73=7,F11=4,,,,,
Q1202,F15=4,F88=0,F41=9,F61=3,F87=4,F92=9,F25=8,F25=9,
Q1203,F96=4,F4=4,F43=3,F85=7,F34=2,F95=7,,,
Q1204,F79=4,F23=9,F46=4,F55=5,,,,,
Q1205,F35=1,F30=3,,,,,,,
Q1206,F94=10,,,,,,,,
Q1207,F68=6,,,,,,,,
Q1208,,,,,,,,,
Q1209,F90=2,F14=6,F90=7,F78=1,F88=2,,,,
Q1210,F56=4,F6=1,F56=1,F97=6,F6=1,F99=6,F3=4,F94=1,
Q1211,F51=8,F93=7,,,,,,,
Q1212,F95=6,F89=9,,,,,,,
Q1213,F89=10,F3=2,F51=9,F83=1,F29=8,F19=5,F13=7,,
Q1214,F19=8,F89=10,F72=4,F43=7,F57=2,F28=2,F98=6,,
Q1215,F96=4,F7=5,F91=7,,,,,,
Q1216,F90=2,F55=2,F82=9,,,,,,
Q1217,F13=9,F81=791,F82=6,F20=8,F33=6,F58=9,F82=5,F33=7,F72=5
Q1218,F0=1,F25=3,F72=2,F48=9,F2=1,F29=2,F83=2,F64=7,F99=1
Q1219,F24=8,F42=9,F60=2,F33=7,F24=3,F12=5,F73=6,F68=2,
Q1220,F27=3,F82=6,F90=2,F12=6,F30=7,F11=4,F79=3,,
Q1221,F53=6,F2=2,F18=1,,,,,,
Q1222,F40=6,F73=7,F98=7,F1=0,F58=9,F40=5,,,
Q1223,F17=2,F43=3,F24=4,F92=4,F23=9,F71=6,F0=4,F42=4,F37=7
Q1224,F94=1,F33=7,F92=8,F10=9,,,,,
Q1225,F47=6,F60=1,F86=9,F40=3,F54=5,,,,
Q1226,F79=4,F45=7,F44=6,,,,,,
Q1227,,,,,,,,,
Q1228,,,,,,,,,
Q1229,,,,,,,,,
Q1230,F57=3,F97=5,F87=2,F31=8,F19=5,F16=8,F29=2,F58=7,F7=4
Q1231,F22=3,F13=3,F66=7,F41=149,,,,,
Q1232,F49=6,F46=9,F94=10,F65=8,F56=5,F99=3,F33=6,,
Q1233,F13=8,F50=3,F58=4,F45=3,F98=5,F85=7,F72=1,F96=1,F93=7
Q1234,F85=7,F53=2,F53=5,F87=2,F40=3,,,,
Q1235,F58=7,F28=3,F85=8,F97=2,F75=8,F25=2,F54=7,F57=2,
Q1236,F62=8,F76=6,F72=2,F16=5,F90=3,F3=6,F93=8,F88=3,F51=1
Q1237,F92=9,F28=9,F20=8,F69=2,,,,,
Q1238,F38=10,F43=7,F50=3,F52=3,F47=4,F3=0,F6=5,F57=3,F67=9
Q1239,F75=4,F44=5,F40=5,F65=8,F9=4,F49=1,F70=9,F48=7,
Q1240,F19=8,F29=9,F87=4,F30=3,F46=3,,,,
Q1241,F11=4,F41=9,F88=2,F53=4,F49=1,,,,
Q1242,F46=5,F0=3,F7=2,F37=6,,,,,
Q1243,F81=5,F32=1,F62=1,F23=7,F70=6,F75=5,F52=4,F43=7,F8=1
Q1244,F28=1,F20=6,F11=4,,,,,,
Q1245,F21=1,F4=6,F53=5,F47=6,,,,,
Q1246,F20=5,F14=6,F37=7,F0=4,F35=10,F5=2,F53=5,,
Q1247,F64=2,F91=7,F42=3,F53=2,F53=5,F95=7,F3=1,F18=2,
Q1248,F42=8,,,,,,,,
Q1249,F94=2,F94=9,F6=4,F83=2,F36=6,F21=8,F73=8,,
Q1250,F9=2,,,,,,,,
Q1251,F60=0,F36=5,F62=8,F38=9,F76=0,F75=5,F41=9,,
Q1252,F64=6,F20=5,F45=4,F92=4,F63=1,F11=9,F21=4,,
Q1253,F32=1,F42=6,F32=0,F43=10,F16=4,F51=9,F36=3,F66=4,F56=3
Q1254,F68=6,F20=6,F87=3,F30=3,F41=4,F7=4,F83=2,F36=5,F12=4
Q1255,F17=1,,,,,,,,
Q1256,F84=6,F48=1,F14=2,F99=6,F94=5,,,,
Q1257,F72=7,F49=6,F21=7,F27=3,F53=6,F96=3,F71=7,,
Q1258,F11=5,F72=6,F6=4,,,,,,
Q1259,F1=3,F37=7,,,,,,,
Q1260,,,,,,,,,
Q1261,F56=5,F78=4,F78=3,F80=6,F13=7,,,,
Q1262,,,,,,,,,
Q1263,F59=7,,,,,,,,
Q1264,F23=4,F66=2,F90=6,,,,,,
Q1265,F85=7,F38=2,F14=9,F32=1,F70=9,F58=9,F39=9,F17=5,F88=3
Q1266,F33=2,F33=6,,,,,,,
Q1267,F61=1,F52=5,F47=4,F23=8,F85=8,F65=9,F29=10,,
Q1268,F88=1,F31=3,F54=3,F54=5,F53=5,F62=1,F50=2,F75=8,
Q1269,F11=9,F87=4,F5=1,F23=4,F61=2,F3=7,F70=5,F32=1,F2=2
Q1270,F86=9,F4=4,F75=5,F59=1,,,,,
Q1271,F80=7,F41=4,F81=6,F47=2,,,,,
Q1272,F33=6,,,,,,,,
Q1273,F62=7,F4=5,F28=9,F18=8,F9=5,F15=4,F48=0,F59=1,
Q1274,F78=3,F41=5,F66=4,F83=9,F19=8,F41=8,F71=7,,
Q1275,F40=5,F17=6,F12=2,F28=9,F15=5,F72=1,F8=2,F66=1,
Q1276,,,,,,,,,
Q1277,F81=6,F10=6,F40=5,F29=9,F72=8,F16=6,F36=5,,
Q1278,F18=2,F6=2,F34=9,F38=1,F76=4,,,,
Q1279,F26=5,F62=0,F53=6,F41=9,F74=3,F16=9,F57=8,,
Q1280,F32=3,F67=8,F48=1,F39=3,F19=2,,,,
Q1281,F69=2,F57=2,F38=10,F2=8,,,,,
Q1282,F78=1,F79=5,F53=5,F56=6,,,,,
Q1283,F26=5,,,,,,,,
Q1284,F84=6,F73=7,F56=2,F18=1,F33=2,F78=1,F67=7,,
Q1285,F61=2,F75=4,F14=1,F63=7,,,,,
Q1286,F18=1,F63=2,F59=1,F45=1,,,,,
Q1287,F11=3,,,,,,,,
Q1288,,,,,,,,,
Q1289,F44=5,F53=3,F80=6,F2=4,F50=2,F64=6,,,
Q1290,,,,,,,,,
Q1291,F82=9,F86=2,F25=8,F68=3,,,,,
Q1292,,,,,,,,,
Q1293,F63=3,F59=7,F81=9,,,,,,
Q1294,F64=5,F1=2,,,,,,,
Q1295,F29=5,F50=3,F79=3,F27=3,F3=5,,,,
Q1296,F45=2,F23=7,F61=1,F31=2,F57=2,F66=6,F86=9,F19=8,
Q1297,F28=1,F11=4,F76=3,F17=2,F48=8,F90=5,F98=9,F81=6,
Q1298,F63=3,,,,,,,,
Q1299,F49=2,F18=8,F48=1,F99=7,F30=4,F89=8,,,
Q1300,F97=4,F37=6,F19=6,F49=6,F96=3,F29=9,F16=4,,
Q1301,F22=5,F56=4,F94=2,,,,,,
Q1302,,,,,,,,,
Q1303,F82=502,F11=4,F1=0,F71=5,F93=3,F75=5,F90=3,,
Q1304,F39=3,F75=6,F66=6,F58=602,F14=7,F21=1,F65=8,F2=9,F11=9
Q1305,F86=1,F4=3,F63=1,F10=6,F87=1,F21=7,F0=3,,
Q1306,,,,,,,,,
Q1307,,,,,,,,,
Q1308,,,,,,,,,
Q1309,F75=6,,,,,,,,
Q1310,F68=2,F33=8,F93=7,F76=0,F21=7,F82=3,F88=0,F87=539,F75=5
Q1311,F43=2,F66=3,F21=7,,,,,,
Q1312,F83=2,F23=7,F59=7,F61=3,F37=6,F71=6,F25=9,F13=7,
Q1313,F20=8,F70=7,F20=5,F14=9,,,,,
Q1314,F5=2,F91=7,F13=6,F67=8,F59=7,F8=1,,,
Q1315,,,,,,,,,
Q1316,,,,,,,,,
Q1317,F75=4,F62=6,F48=1,F58=6,F12=4,F48=0,F34=2,F4=5,F88=3
Q1318,F64=2,F69=9,,,,,,,
Q1319,F77=8,F30=3,F41=2,F3=6,F35=9,F40=6,,,
Q1320,F12=2,F55=5,,,,,,,
Q1321,F38=1,F29=3,F28=2,,,,,,
Q1322,F46=9,F75=4,F12=6,,,,,,
Q1323,F17=4,F94=9,F12=2,F89=10,F8=1,,,,
Q1324,F67=8,,,,,,,,
Q1325,F7=5,,,,,,,,
Q1326,F16=9,F86=2,F2=1,F16=8,F6=4,F90=1,F11=9,,
Q1327,F15=6,F98=8,,,,,,,
Q1328,F50=3,F81=7,F11=9,F70=8,F26=5,F56=5,F67=7,F93=7,F61=2
Q1329,,,,,,,,,
Q1330,F70=7,F95=0,F83=8,F42=9,F52=3,F87=2,,,
Q1331,F34=2,,,,,,,,
Q1332,F97=1,F34=2,F50=2,F75=8,F94=1,F44=5,F46=9,F95=2,
Q1333,F6=2,F0=1,F53=5,F97=3,F67=10,F44=6,F30=4,F55=2,F58=5
Q1334,F52=3,F85=8,F6=4,F0=3,F5=1,F73=7,,,
Q1335,F90=2,F76=0,F9=4,F24=8,,,,,
Q1336,F4=5,F87=3,F95=8,F26=2,F23=4,,,,
Q1337,F86=3,F45=2,F33=6,F1=1,F40=5,F95=7,F9=3,F46=9,F39=3
Q1338,F45=6,F78=3,,,,,,,
Q1339,F86=9,F42=4,F64=1,F63=8,F77=3,,,,
Q1340,F40=5,F25=3,,,,,,,
Q1341,F30=3,F13=4,F49=6,F97=6,F37=7,F76=953,F98=8,F7=4,
Q1342,F62=7,F28=10,F0=0,F69=2,,,,,
Q1343,F69=2,F29=1,F20=6,F33=6,F32=2,,,,
Q1344,F78=3,F55=3,F3=1,F62=6,F31=2,,,,
Q1345,F67=9,F24=3,F59=8,F18=8,,,,,
Q1346,F51=8,F53=3,F90=2,F41=5,F83=3,F62=1,F49=6,F97=1,
Q1347,F29=1,,,,,,,,
Q1348,F78=8,F58=9,F52=3,F68=3,F59=1,F18=1,F5=3,F13=9,F71=7
Q1349,F97=3,F15=4,F8=1,F70=5,F94=5,,,,
Q1350,F58=7,F51=8,,,,,,,
Q1351,F49=2,,,,,,,,
Q1352,F47=3,F82=9,F24=8,F97=3,F63=9,F34=9,F13=3,F87=0,F86=1
Q1353,F4=5,F94=2,F85=7,,,,,,
Q1354,F72=4,F31=8,,,,,,,
Q1355,F25=2,F58=4,,,,,,,
Q1356,F29=1,F92=4,F41=8,,,,,,
Q1357,F38=69,F21=1,F85=4,,,,,,
Q1358,F3=5,F19=5,F98=5,F5=24,F92=3,F85=8,F1=1,F45=7,F11=4
Q1359,F4=6,F7=2,F68=2,F2=3,F56=5,F49=1,F78=1,,
Q1360,,,,,,,,,
Q1361,,,,,,,,,
Q1362,F95=7,F58=9,F47=6,F15=3,F89=3,,,,
Q1363,F90=4,F42=2,F0=0,F77=4,F74=3,F7=4,F99=3,F0=4,
Q1364,F94=5,F95=8,F47=3,,,,,,
Q1365,F26=6,F94=5,F84=5,F19=8,F4=4,F73=6,F67=9,,
Q1366,F14=1,F8=2,,,,,,,
Q1367,F90=6,F76=3,F28=8,F47=2,F94=10,,,,
Q1368,F36=5,,,,,,,,
Q1369,F55=2,F89=4,F23=3,F16=6,F24=4,F59=8,F7=5,F3=4,
Q1370,F92=7,F40=5,,,,,,,
Q1371,F48=2,F63=1,F50=3,,,,,,
Q1372,F45=4,F91=8,F11=10,F50=5,F60=1,F83=2,,,
Q1373,F32=2,F70=5,F48=8,F82=207,F8=2,,,,
Q1374,F67=9,F3=1,F85=8,F34=2,F18=8,F21=8,F24=7,F42=4,F5=2
Q1375,F49=0,,,,,,,,
Q1376,F61=2,F2=3,,,,,,,
Q1377,F22=5,F27=3,F33=2,F93=6,F37=7,F68=6,,,
Q1378,,,,,,,,,
Q1379,,,,,,,,,
Q1380,F10=5,F8=2,F50=3,F51=9,F70=5,F35=1,F61=1,F26=4,F39=3
Q1381,F42=2,F47=2,F41=2,F39=9,F44=1,,,,
Q1382,F13=7,F75=5,F53=2,F52=2,F46=5,F73=7,F27=3,,
Q1383,F43=9,F6=5,F87=4,F97=2,F89=4,F82=6,F49=6,,
Q1384,F38=2,F86=10,F97=5,F62=6,,,,,
Q1385,F21=4,F67=7,F89=9,F78=0,F22=4,F26=3,F23=4,F11=3,F6=2
Q1386,F56=5,F68=1,F81=6,,,,,,
Q1387,F91=8,F85=4,F45=1,F70=9,F17=6,F43=2,,,
Q1388,F61=1,F92=7,F6=1,,,,,,
Q1389,F64=6,F40=3,,,,,,,
Q1390,F30=3,F31=10,F76=4,,,,,,
Q1391,F43=9,,,,,,,,
Q1392,F90=5,,,,,,,,
Q1393,F30=3,F92=8,F39=3,F12=1,F33=7,,,,
Q1394,F91=7,F58=5,F69=3,F30=2,F81=6,F58=8,F85=84,,
Q1395,F80=7,F56=1,F77=3,F4=3,F24=2,F4=7,,,
Q1396,,,,,,,,,
Q1397,F30=3,F47=4,F63=3,F54=5,F85=8,,,,
Q1398,,,,,,,,,
Q1399,F98=6,F34=10,,,,,,,
Q1400,,,,,,,,,
Q1401,F39=2,F3=1,F49=7,F6=0,,,,,
Q1402,F3=4,F96=1,F91=7,F56=6,F59=8,F90=6,F28=9,,
Q1403,F44=7,F58=9,F45=2,F87=2,F63=8,F10=7,,,
Q1404,F13=3,F24=8,F74=3,F64=8,F86=1,F37=6,F25=2,,
Q1405,F50=3,,,,,,,,
Q1406,F85=7,F92=9,F3=4,F82=10,,,,,
Q1407,F79=4,F18=1,F95=8,F78=4,F88=3,F40=6,F20=7,,
Q1408,F70=7,F53=6,F29=2,F7=2,F58=8,F73=6,F41=2,F26=5,F31=8
Q1409,F58=9,F70=7,F22=3,F66=1,F83=9,F84=5,,,
Q1410,F20=4,F26=2,F28=1,F2=2,F63=9,F44=0,F27=3,F28=2,
Q1411,F83=9,F51=10,F91=7,F21=7,F54=6,F94=9,,,
Q1412,F57=6,F46=9,F45=3,,,,,,
Q1413,F57=3,F82=8,F37=6,F32=2,F61=2,F69=3,,,
Q1414,F17=958,F68=6,F30=3,F64=6,F54=7,F13=7,,,
Q1415,F50=1,F10=8,F31=2,F30=4,,,,,
Q1416,F66=1,F15=4,F64=5,F98=9,,,,,
Q1417,F60=1,F32=1,F83=3,,,,,,
Q1418,F9=4,F81=9,F53=2,F63=3,,,,,
Q1419,F20=5,F61=3,F92=9,F45=2,F64=2,F37=6,F1=0,F37=7,F22=7
Q1420,F7=5,F53=5,F99=3,F6=1,,,,,
Q1421,,,,,,,,,
Q1422,F61=3,F25=2,F5=1,F47=6,,,,,
Q1423,F3=2,F25=2,,,,,,,
Q1424,F51=1,F66=2,F29=2,F42=3,F8=1,F88=3,F12=5,,
Q1425,F33=7,F59=2,,,,,,,
Q1426,F17=2,F37=7,F55=6,F80=7,F61=2,F50=1,F62=9,F23=8,F17=5
Q1427,,,,,,,,,
Q1428,F96=3,F32=1,F64=5,F56=1,F34=2,,,,
Q1429,F68=7,F55=6,,,,,,,
Q1430,F55=2,F75=5,F74=3,F2=9,F56=5,F30=3,F7=3,,
Q1431,F47=6,F30=4,F97=5,F6=2,,,,,
Q1432,F44=6,F44=1,F94=9,F5=3,F3=6,F32=1,F5=1,F58=8,
Q1433,F6=1,F99=8,F34=1,F67=7,,,,,
Q1434,F12=6,F68=5,F91=6,F94=1,F69=4,,,,
Q1435,F59=8,,,,,,,,
Q1436,F44=360,F8=1,F98=10,,,,,,
Q1437,F50=4,F14=2,F8=0,F65=7,F25=8,F13=8,F94=8,F58=7,F80=1
Q1438,F14=2,,,,,,,,
Q1439,F37=6,F27=3,,,,,,,
Q1440,F15=6,F29=5,F18=1,F99=6,,,,,
Q1441,F30=3,F1=1,F66=7,,,,,,
Q1442,,,,,,,,,
Q1443,F99=1,F44=5,F74=3,F1=2,F48=2,F89=9,,,
Q1444,F31=2,F23=4,F43=7,F68=6,F9=2,,,,
Q1445,F98=8,F97=1,,,,,,,
Q1446,F24=9,F46=4,F33=6,F0=5,F51=1,F32=1,F49=6,,
Q1447,F33=7,F8=2,,,,,,,
Q1448,F55=5,F54=3,F48=1,,,,,,
Q1449,,,,,,,,,
Q1450,F58=4,F27=3,F86=9,,,,,,
Q1451,F17=4,,,,,,,,
Q1452,F22=3,F31=2,F1=0,F25=2,,,,,
Q1453,F14=9,F34=3,F20=5,F39=3,F74=2,F42=4,F61=2,,
Q1454,F91=8,F64=6,F67=8,F8=1,F9=4,F44=6,,,
Q1455,F90=2,,,,,,,,
Q1456,F31=3,F71=6,F33=7,F35=1,,,,,
Q1457,F15=7,F65=6,F84=3,F30=3,F39=9,,,,
Q1458,F86=9,F98=6,,,,,,,
Q1459,F78=2,F53=2,F95=0,F26=4,F28=7,F79=2,F13=4,F86=2,F33=6
Q1460,F16=7,F57=4,F0=3,F13=7,,,,,
Q1461,,,,,,,,,
Q1462,F8=2,,,,,,,,
Q1463,F0=1,F74=3,F69=2,,,,,,
Q1464,F2=2,F41=9,F99=4,F43=3,F10=9,F58=8,F86=3,F65=9,
Q1465,F96=4,,,,,,,,
Q1466,F61=2,,,,,,,,
Q1467,F63=2,F71=5,F33=2,F73=7,F98=7,F43=2,,,
Q1468,F55=5,F56=4,F50=2,F87=4,F78=1,F88=3,F85=4,F54=6,
Q1469,F4=3,,,,,,,,
Q1470,F60=0,F66=6,F11=3,,,,,,
Q1471,,,,,,,,,
Q1472,F39=9,F85=4,F85=4,,,,,,
Q1473,F58=5,F52=3,F86=3,F95=7,F70=7,F78=1,F78=8,F0=5,F80=8
Q1474,F9=4,F70=8,F11=9,,,,,,
Q1475,F55=6,F85=9,F7=5,F52=3,F2=1,F52=2,F63=8,F41=4,F55=4
Q1476,F75=4,F43=8,F45=3,F78=1,F18=1,F66=3,F74=2,,
Q1477,F71=5,F62=8,F39=10,F22=5,F40=3,,,,
Q1478,F5=1,,,,,,,,
Q1479,F77=3,F19=7,F41=9,F58=4,F11=9,,,,
Q1480,,,,,,,,,
Q1481,F10=7,F79=3,F39=10,F86=3,F95=8,,,,
Q1482,F75=5,F93=5,,,,,,,
Q1483,F4=4,,,,,,,,
Q1484,F79=546,F81=6,F96=3,F62=0,,,,,
Q1485,F16=8,F77=9,,,,,,,
Q1486,,,,,,,,,
Q1487,F40=5,,,,,,,,
Q1488,,,,,,,,,
Q1489,,,,,,,,,
Q1490,F6=5,F3=5,F84=6,F31=8,F52=4,F90=2,F62=7,,
Q1491,F55=2,F74=3,F25=2,F82=6,,,,,
Q1492,F91=7,F7=2,F47=1,F38=2,F18=8,F44=6,,,
Q1493,F89=7,,,,,,,,
Q1494,F49=7,F55=6,F85=7,F40=5,F10=9,F60=2,F12=3,,
Q1495,F16=8,F82=4,F55=2,F61=2,,,,,
Q1496,F13=8,F22=5,F69=2,F35=1,F91=7,,,,
Q1497,F74=2,F97=3,F14=6,F1=1,,,,,
Q1498,F72=2,,,,,,,,
Q1499,,,,,,,,,
Q1500,F51=9,F15=6,F14=8,,,,,,
Q1501,F21=4,F76=3,F83=1,F14=9,F27=3,F62=0,F29=9,F54=7,F16=4
Q1502,F97=1,F19=5,F20=9,F98=6,,,,,
Q1503,F42=3,,,,,,,,
Q1504,F15=6,F19=2,F42=2,F40=5,F48=1,F62=6,,,
Q1505,F84=5,F5=1,F10=6,F81=6,F41=3,F90=3,F38=9,F67=8,F22=3
Q1506,F97=3,F90=2,F15=5,F73=7,,,,,
Q1507,F92=4,F18=8,F87=4,F75=5,,,,,
Q1508,F62=6,F65=6,F9=4,F79=2,F96=3,F79=1,F49=740,,
Q1509,F28=9,F89=5,F69=2,F93=5,,,,,
Q1510,F28=8,F90=0,F52=3,F71=7,F21=2,,,,
Q1511,F10=7,F9=3,F99=7,F44=5,,,,,
Q1512,F59=6,F95=8,F78=2,F3=4,F22=6,F89=10,F3=2,F20=6,
Q1513,F89=4,F17=5,F38=9,F61=3,F16=4,,,,
Q1514,,,,,,,,,
Q1515,F2=124,F70=5,F35=1,F15=6,F39=9,F57=3,F24=8,F19=8,F30=3
Q1516,F69=10,F46=4,F36=3,,,,,,
Q1517,F10=630,F13=4,F28=10,F0=2,F86=3,F4=5,F20=6,,
Q1518,F78=7,F68=5,F1=0,F40=3,F67=7,F85=8,F15=6,F63=8,
Q1519,F60=2,F19=1,F47=4,F75=8,F17=3,,,,
Q1520,F90=2,F47=3,F49=1,F27=3,F44=5,F48=8,F13=3,F75=5,F0=1
Q1521,F58=7,F76=178,F39=2,F59=1,F35=9,,,,
Q1522,F96=1,F70=7,F19=8,,,,,,
Q1523,,,,,,,,,
Q1524,F23=8,,,,,,,,
Q1525,F91=6,F91=8,F74=2,F45=2,F79=2,F46=4,F33=7,F32=1,F61=2
Q1526,F9=4,F33=1,F35=1,,,,,,
Q1527,F7=5,,,,,,,,
Q1528,F85=4,F37=7,,,,,,,
Q1529,F65=9,F65=8,F77=8,F20=5,F95=6,F96=4,F93=6,,
Q1530,F11=4,F11=4,F40=5,F31=8,F36=5,F14=2,F37=7,,
Q1531,F63=3,F89=9,F54=5,F96=3,F22=5,F54=5,F11=3,F82=4,
Q1532,F56=5,F74=4,F84=3,F59=6,F26=3,F45=7,,,
Q1533,F2=8,,,,,,,,
Q1534,F16=4,,,,,,,,
Q1535,,,,,,,,,
Q1536,F18=1,F83=2,F93=2,F89=3,F31=3,F57=2,F14=6,,
Q1537,F90=6,F92=9,F94=1,F65=7,,,,,
Q1538,F84=5,F21=8,F67=9,F68=3,F31=8,,,,
Q1539,F9=4,F19=8,F34=9,F41=8,F70=4,F20=9,F64=5,,
Q1540,F9=3,F27=5,F83=3,F40=3,,,,,
Q1541,F57=3,F36=8,F92=3,F33=7,F87=5,F31=9,F29=4,F4=6,F41=8
Q1542,F52=4,F99=3,F33=7,F68=6,F82=4,F44=5,F98=5,F48=1,
Q1543,F60=6,F92=3,F55=3,F28=8,F91=7,F99=1,F99=4,F43=9,F57=7
Q1544,F31=8,F85=7,F60=7,F72=2,F86=11,,,,
Q1545,F46=5,F64=8,F25=9,F41=4,F41=2,F18=2,F46=10,F50=3,
Q1546,F75=6,F53=2,F31=8,F19=8,F21=4,F48=0,,,
Q1547,F73=7,F12=2,F39=4,F86=2,F82=4,F72=5,F83=2,,
Q1548,F98=5,,,,,,,,
Q1549,F67=7,F39=9,F65=6,F51=2,F78=1,F79=5,F56=1,F24=3,
Q1550,F82=10,F88=0,F46=10,F33=7,F6=4,,,,
Q1551,F97=3,F31=3,F58=4,F73=6,F8=1,,,,
Q1552,F43=2,F2=8,F28=10,F5=0,F86=2,,,,
Q1553,F41=4,F77=4,F42=6,,,,,,
Q1554,F21=0,F76=0,F50=319,,,,,,
Q1555,F62=6,,,,,,,,
Q1556,F48=2,F92=4,F65=9,F73=6,F82=9,F72=2,F92=3,F97=5,F50=3
Q1557,F79=2,F10=6,F47=2,F42=3,F31=8,F12=6,F49=5,F85=219,F85=8
Q1558,F72=2,F49=1,F28=2,,,,,,
Q1559,F71=4,F95=8,F73=7,F98=6,F55=4,F26=5,F72=6,F19=5,F46=4
Q1560,F79=4,,,,,,,,
Q1561,F28=10,F85=7,F74=3,F79=1,F67=8,F91=7,F93=2,F95=0,F36=7
Q1562,F31=8,F79=3,F68=6,F23=7,F67=10,F76=6,,,
Q1563,F61=0,F63=1,F69=2,F54=7,F92=3,F8=1,F56=4,F93=7,
Q1564,F7=2,F79=3,F86=3,,,,,,
Q1565,F44=5,F93=2,F78=7,F80=1,F14=9,F95=0,F72=2,F40=4,
Q1566,F99=5,F67=7,F53=3,F69=3,F4=6,F87=5,,,
Q1567,F98=7,F65=9,F82=9,F89=8,F70=5,,,,
Q1568,F79=4,F81=8,,,,,,,
Q1569,F22=7,F34=2,F19=8,F14=1,F80=7,,,,
Q1570,F74=2,F78=3,F89=8,,,,,,
Q1571,F99=2,F76=1,F41=2,F2=10,F25=8,F73=7,F85=7,F56=4,
Q1572,F79=3,,,,,,,,
Q1573,F98=6,F27=5,F17=6,F81=6,F13=2,F88=0,F38=10,F11=4,
Q1574,F73=8,F70=5,F17=2,F84=6,F26=3,F96=4,F88=3,,
Q1575,F79=4,F83=3,F97=3,F36=2,F16=6,F15=8,,,
Q1576,,,,,,,,,
Q1577,F28=2,F37=7,F93=7,F16=4,F99=1,F43=7,F6=2,F65=6,F34=2
Q1578,F0=2,F2=1,F97=1,F26=4,F56=2,F5=3,F96=1,F1=0,F60=6
Q1579,F86=1,,,,,,,,
Q1580,F32=1,F10=8,F97=3,F78=8,F93=7,F46=4,F90=3,F7=4,F85=5
Q1581,F28=9,F78=4,,,,,,,
Q1582,F4=5,,,,,,,,
Q1583,F97=4,F76=3,F98=9,F43=10,,,,,
Q1584,F38=10,F40=3,F40=3,,,,,,
Q1585,F50=584,F23=5,F95=6,F49=7,,,,,
Q1586,,,,,,,,,
Q1587,F89=9,F11=4,,,,,,,
Q1588,F86=2,F69=9,F76=7,F19=5,F75=8,F15=6,F99=6,F40=5,
Q1589,F12=5,F63=3,F25=2,F88=1,F37=6,,,,
Q1590,F36=9,F30=3,F55=5,F33=2,,,,,
Q1591,F79=4,F2=2,,,,,,,
Q1592,F58=4,F50=1,F72=7,F95=7,,,,,
Q1593,F26=5,F24=8,,,,,,,
Q1594,F16=8,,,,,,,,
Q1595,F43=2,F62=8,F81=6,F91=8,F27=2,F86=10,,,
Q1596,F55=5,F89=3,,,,,,,
Q1597,F36=8,F12=2,F3=6,,,,,,
Q1598,F88=3,F88=2,F71=5,F63=8,F98=6,F78=0,F8=2,,
Q1599,F25=2,F32=1,F88=1,F4=4,F81=6,F64=6,F79=4,,
Q1600,F61=3,F57=2,,,,,,,
Q1601,F86=3,F59=1,F7=4,F49=5,F28=8,F16=8,F30=8,F33=8,F66=7
Q1602,F43=9,F61=3,F73=7,,,,,,
Q1603,F96=4,,,,,,,,
Q1604,F14=5,F13=7,F61=2,F17=2,F42=3,,,,
Q1605,F24=1,F37=6,F46=4,F15=4,,,,,
Q1606,,,,,,,,,
Q1607,F61=2,F53=1,,,,,,,
Q1608,,,,,,,,,
Q1609,F59=2,F48=1,F36=3,,,,,,
Q1610,F1=1,,,,,,,,
Q1611,F81=6,F21=4,F85=7,F41=8,F2=9,F37=7,F4=6,F48=1,
Q1612,F39=3,F70=7,,,,,,,
Q1613,F94=6,F67=9,F88=3,F58=9,,,,,
Q1614,F6=2,,,,,,,,
Q1615,F71=5,F24=8,F95=7,F3=1,F98=8,F29=9,F51=1,,
Q1616,F96=4,F70=7,F17=3,,,,,,
Q1617,F94=2,F42=4,F20=5,F51=0,,,,,
Q1618,F87=4,F37=7,,,,,,,
Q1619,F68=7,F68=1,F31=8,F73=7,F75=5,F72=7,F84=3,F80=7,
Q1620,F97=5,F15=6,F8=1,F47=4,F92=4,F56=6,F82=5,,
Q1621,F43=9,F54=5,F13=8,F44=6,F99=2,F7=5,F89=9,,
Q1622,F8=1,F18=2,F19=5,,,,,,
Q1623,F89=8,F23=7,F53=570,,,,,,
Q1624,F49=5,F29=5,F99=3,F62=7,,,,,
Q1625,,,,,,,,,
Q1626,F11=4,F93=8,F36=5,F95=2,F25=2,F79=2,F33=6,F24=4,F70=7
Q1627,F90=3,F82=4,F20=5,F43=7,,,,,
Q1628,F48=2,F89=10,F98=8,F43=9,F18=8,,,,
Q1629,,,,,,,,,
Q1630,F49=2,F86=3,F39=3,F55=3,,,,,
Q1631,F84=182,F96=1,F42=9,F36=8,F49=6,,,,
Q1632,,,,,,,,,
Q1633,F92=7,F59=0,F33=8,F89=9,F55=6,F4=6,,,
Q1634,F65=6,F84=5,,,,,,,
Q1635,F52=5,F44=6,F13=622,F5=1,F42=8,F34=2,,,
Q1636,F58=8,F50=4,F25=2,F89=9,F15=6,F6=1,F65=8,,
Q1637,F10=9,F14=6,F45=7,,,,,,
Q1638,F93=6,F25=3,F80=2,F14=5,F33=7,F22=6,F97=5,F20=5,
Q1639,F95=8,F44=5,F65=6,F34=3,F94=9,F29=9,F37=8,F21=2,
Q1640,F43=7,F37=6,F0=0,,,,,,
Q1641,F56=5,F71=5,F43=7,,,,,,
Q1642,,,,,,,,,
Q1643,F33=1,F89=9,F25=2,F3=4,F47=2,F65=8,F23=9,,
Q1644,F76=1,F77=4,F60=1,F27=3,,,,,
Q1645,F54=5,F35=0,F88=2,,,,,,
Q1646,F15=6,F73=6,F53=5,F76=6,F47=2,F96=1,F20=6,F71=7,F9=2
Q1647,F82=4,F93=2,,,,,,,
Q1648,F18=2,F73=7,F30=3,F42=9,F74=4,F41=9,,,
Q1649,,,,,,,,,
Q1650,F10=6,F43=9,F58=9,F5=1,F46=4,F73=7,,,
Q1651,F72=7,F41=9,F42=9,F18=2,F14=6,F31=9,,,
Q1652,F26=2,F43=8,F43=8,F25=9,F16=4,F1=9,F61=3,,
Q1653,F23=8,F97=1,F6=1,F70=9,F66=1,F2=2,F77=8,F86=1,
Q1654,F46=5,F52=5,F53=5,F85=7,F82=4,F8=1,,,
Q1655,F30=4,,,,,,,,
Q1656,F20=5,F64=2,F0=1,F72=1,F97=1,F90=7,F60=6,F46=4,
Q1657,,,,,,,,,
Q1658,F85=8,,,,,,,,
Q1659,F88=3,F34=2,F31=9,F99=7,F18=811,F54=6,F81=9,F71=6,
Q1660,F49=6,F2=1,F52=5,F58=10,F86=2,F83=3,F49=2,,
Q1661,F99=7,F1=1,F88=1,F63=2,F97=1,F18=8,F87=2,,
Q1662,,,,,,,,,
Q1663,F78=8,F83=9,F43=8,F21=1,F35=9,F34=2,F85=7,F0=2,
Q1664,F93=7,,,,,,,,
Q1665,F39=3,F69=9,F70=7,F0=5,F24=2,,,,
Q1666,F55=6,F60=1,F28=2,F42=3,F12=1,F16=7,F57=2,F24=9,
Q1667,F38=2,F40=5,F74=3,F68=7,,,,,
Q1668,F56=1,F99=6,F37=6,F92=4,F3=3,F47=4,,,
Q1669,,,,,,,,,
Q1670,F87=3,,,,,,,,
Q1671,F66=4,,,,,,,,
Q1672,F38=9,F70=10,F18=2,F43=3,,,,,
Q1673,F87=4,F57=2,F68=7,F12=1,,,,,
Q1674,F74=2,F72=6,F98=6,F22=6,F57=756,F2=8,F29=5,,
Q1675,F95=0,F93=6,F96=0,F37=7,F56=4,F82=2,F84=3,F92=10,
Q1676,F26=5,F20=5,F59=1,F68=6,,,,,
Q1677,F45=7,F12=2,F0=3,F14=9,F29=6,F63=2,F6=1,F40=5,F14=6
Q1678,F22=6,F64=3,F77=9,F84=5,F8=1,F56=5,,,
Q1679,F87=4,F75=8,F34=9,F54=5,F27=6,F62=1,F78=1,F91=6,
Q1680,F5=2,F53=5,F5=3,F8=2,F59=7,F54=6,,,
Q1681,F32=0,F9=5,F20=6,,,,,,
Q1682,F44=6,F4=6,F32=2,F20=6,F79=3,F13=7,F76=1,,
Q1683,F95=8,F92=8,F53=5,F20=5,F60=7,F18=2,F81=9,F52=6,F44=6
Q1684,F86=3,F14=1,F91=6,F58=8,F2=1,F93=6,F94=6,F77=10,F81=10
Q1685,F79=3,F23=8,F56=5,F54=5,F85=6,,,,
Q1686,,,,,,,,,
Q1687,F41=5,F79=5,F81=9,F64=9,F89=4,,,,
Q1688,F63=0,,,,,,,,
Q1689,F6=5,F26=4,F38=1,F96=0,F79=5,F37=6,F43=2,F85=7,F76=0
Q1690,F22=7,F2=3,F25=3,,,,,,
Q1691,F42=4,,,,,,,,
Q1692,F15=6,F85=8,F82=4,F26=6,F21=1,,,,
Q1693,F23=9,F6=3,F87=2,F8=2,F42=9,F18=2,F93=7,,
Q1694,F14=8,F99=2,F63=2,F73=7,F72=1,F52=6,,,
Q1695,F12=2,F82=6,F81=6,F16=4,F98=9,F73=7,,,
Q1696,F83=2,F59=7,F24=4,F81=6,F11=10,F8=1,F90=6,,
Q1697,F95=7,F37=4,F68=6,F79=2,F22=7,F55=5,F97=1,F93=6,F90=2
Q1698,F28=9,F65=9,F30=4,F87=2,F35=9,,,,
Q1699,F11=9,F65=6,,,,,,,
Q1700,F52=3,F59=7,F90=6,F73=6,,,,,
Q1701,F43=7,F56=5,F6=1,,,,,,
Q1702,F83=9,F63=3,F95=1,,,,,,
Q1703,F55=6,F89=10,F81=6,F46=9,F29=2,F82=2,,,
Q1704,F82=5,,,,,,,,
Q1705,F60=0,F54=7,F58=5,F5=3,F97=5,F77=3,F55=2,F32=1,F98=6
Q1706,F63=1,F92=3,F2=3,F77=9,F75=9,F19=2,F39=3,,
Q1707,F65=6,F71=4,F38=1,,,,,,
Q1708,F86=2,F72=7,,,,,,,
Q1709,F50=2,F75=5,F56=0,F50=3,F71=5,F33=7,F20=5,,
Q1710,F48=8,F38=3,F41=1,,,,,,
Q1711,F66=4,F29=5,F90=1,F89=9,F23=4,,,,
Q1712,F72=2,F48=2,F36=2,,,,,,
Q1713,F47=7,,,,,,,,
Q1714,F61=3,F88=1,,,,,,,
Q1715,F87=2,F32=1,F55=6,F86=3,F34=9,F78=1,F8=1,F38=1,
Q1716,F87=1,,,,,,,,
Q1717,F95=6,F1=1,F55=3,F31=9,F11=10,F41=9,F68=2,F23=9,
Q1718,F91=183,,,,,,,,
Q1719,F87=1,F92=8,F9=3,F95=1,,,,,
Q1720,F57=7,,,,,,,,
Q1721,F26=6,F98=8,F66=7,F24=4,F11=4,F21=7,,,
Q1722,F14=6,F69=2,F52=3,F65=9,,,,,
Q1723,F60=7,F92=9,F9=4,F18=8,F17=6,F58=8,F65=10,,
Q1724,F70=8,F29=9,,,,,,,
Q1725,F18=8,F71=4,F79=4,F38=2,F16=4,,,,
Q1726,F45=7,F45=7,F20=6,,,,,,
Q1727,F24=3,F37=5,F7=5,F90=2,F44=1,F90=1,F5=2,F91=7,F81=6
Q1728,F40=6,F71=6,F61=3,F20=8,F56=2,F40=4,F37=6,F5=0,
Q1729,F57=2,F24=8,F70=7,F18=2,F20=7,F31=8,F36=8,,
Q1730,F47=6,F33=3,F35=9,F47=6,F90=5,F51=10,F53=2,F18=2,F90=6
Q1731,,,,,,,,,
Q1732,F43=9,F80=6,F85=7,F66=2,F96=4,,,,
Q1733,F95=8,F57=3,F74=3,F59=1,F49=6,F43=9,F58=8,F52=5,F82=5
Q1734,F75=4,F5=0,,,,,,,
Q1735,F87=2,F61=3,F10=6,F47=3,F38=9,F3=4,,,
Q1736,,,,,,,,,
Q1737,F13=3,F79=4,F68=2,F5=246,,,,,
Q1738,F14=6,F74=3,F80=1,F41=2,,,,,
Q1739,F58=5,F84=4,F8=2,,,,,,
Q1740,F66=6,,,,,,,,
Q1741,F0=3,F30=6,F69=10,,,,,,
Q1742,F69=2,F15=4,F62=8,F43=9,F0=1,F4=6,F40=3,F53=3,
Q1743,F29=9,F18=1,F44=6,F65=6,F34=9,,,,
Q1744,F16=7,F37=6,F0=3,F26=3,F78=1,F42=9,F62=6,F52=3,F11=9
Q1745,F10=8,,,,,,,,
Q1746,,,,,,,,,
Q1747,F29=5,F60=1,F91=6,F60=0,F82=3,F81=6,,,
Q1748,F92=4,F65=6,,,,,,,
Q1749,F83=9,F24=4,F12=2,F88=3,F96=4,F21=1,,,
Q1750,F90=2,F86=3,F19=6,F65=8,F42=6,F48=2,,,
Q1751,F65=443,F29=5,F96=490,F38=0,F77=4,F67=8,F17=4,F49=6,
Q1752,F73=7,F42=6,F83=3,F26=5,F25=9,,,,
Q1753,F38=9,F64=2,F39=2,F61=1,F11=4,F13=8,F46=10,F36=5,
Q1754,F60=2,F48=8,F11=3,F52=6,F60=2,F15=4,F79=2,F42=9,F51=8
Q1755,F36=8,F97=6,F89=3,F60=6,F67=8,,,,
Q1756,F11=10,F8=2,F36=8,F60=6,F59=8,,,,
Q1757,F6=2,,,,,,,,
Q1758,F90=1,,,,,,,,
Q1759,F3=5,F14=6,F18=9,F4=6,F16=7,F74=2,F61=1,F4=4,
Q1760,F45=3,F70=7,F40=4,F55=3,F52=5,F46=9,,,
Q1761,F75=8,F22=6,F52=2,F85=4,,,,,
Q1762,F95=8,F57=1,F73=7,F53=5,F92=9,,,,
Q1763,F34=2,F19=1,F82=3,F87=4,F82=6,F69=2,F99=4,,
Q1764,F27=5,F85=8,F59=1,F29=2,F72=2,F95=7,F22=7,F24=2,
Q1765,F56=0,F15=6,,,,,,,
Q1766,F58=8,F0=1,F29=8,F47=3,F93=2,F35=9,F10=9,F70=10,F10=5
Q1767,F79=3,F0=0,F63=8,F87=2,F4=7,,,,
Q1768,F92=9,F20=8,F28=8,,,,,,
Q1769,F94=5,F40=5,F85=3,F62=7,F52=1,F36=8,,,
Q1770,F39=4,F35=1,F93=6,F46=4,F27=4,F83=3,F74=2,F88=3,F78=8
Q1771,F96=0,,,,,,,,
Q1772,F16=8,F81=6,,,,,,,
Q1773,,,,,,,,,
Q1774,F66=1,F8=1,,,,,,,
Q1775,F0=2,,,,,,,,
Q1776,,,,,,,,,
Q1777,F13=7,,,,,,,,
Q1778,,,,,,,,,
Q1779,F16=5,F71=7,F79=2,F71=6,F29=2,F46=4,,,
Q1780,F49=6,F23=7,,,,,,,
Q1781,F48=2,F44=1,F39=3,F45=1,F13=7,,,,
Q1782,F28=2,F13=3,F18=1,F86=10,F26=6,,,,
Q1783,F46=4,F85=5,F12=1,F62=9,F9=4,,,,
Q1784,F70=10,F36=8,F37=7,F18=1,F95=7,,,,
Q1785,F80=8,F37=7,F54=7,F0=5,F80=7,F77=9,,,
Q1786,F36=5,F35=1,F56=1,F45=3,F57=8,F31=3,,,
Q1787,F49=6,,,,,,,,
Q1788,F28=2,F88=3,F39=2,,,,,,
Q1789,F69=9,F96=0,F72=2,,,,,,
Q1790,F29=5,F36=287,F85=7,F32=2,,,,,
Q1791,F88=1,F27=3,F88=0,F98=7,F81=9,,,,
Q1792,F15=6,F27=3,F67=7,F99=6,F87=4,F85=7,F5=2,,
Q1793,F27=3,F84=5,F3=2,F10=6,F38=10,F92=9,F12=4,,
Q1794,,,,,,,,,
Q1795,F55=6,,,,,,,,
Q1796,F99=3,F19=6,F47=3,F33=8,F86=3,F33=2,F43=9,F9=5,
Q1797,F6=2,F61=3,F57=3,F60=1,F22=5,F25=9,F79=4,,
Q1798,F90=6,F95=6,F1=9,F68=2,F72=3,F42=9,,,
Q1799,F2=4,F15=5,,,,,,,
Q1800,,,,,,,,,
Q1801,F9=4,F78=3,F43=10,F58=9,F6=1,F12=5,F83=9,,
Q1802,F76=3,F4=3,F4=6,,,,,,
Q1803,F81=6,F95=8,F63=2,F52=5,F53=4,F28=2,F28=10,F72=7,F47=3
Q1804,F81=9,F2=1,F11=4,F31=2,F72=6,,,,
Q1805,F92=4,F5=1,F20=5,F16=8,F74=3,F44=6,F54=5,F45=2,F28=1
Q1806,F43=7,,,,,,,,
Q1807,F0=3,F69=2,F20=8,F44=6,F71=6,F62=5,,,
Q1808,F49=7,,,,,,,,
Q1809,,,,,,,,,
Q1810,F63=1,F56=258,F92=3,F50=5,F34=1,F76=5,F81=6,F82=6,F29=5
Q1811,F27=3,F87=4,F28=10,F20=9,F52=2,F72=3,F95=7,F14=7,
Q1812,F38=2,F71=6,F31=9,F47=2,F14=1,F38=1,,,
Q1813,F49=5,F94=2,F42=5,F54=4,F85=5,,,,
Q1814,F78=3,F11=10,,,,,,,
Q1815,F89=4,F71=8,F26=3,,,,,,
Q1816,F96=4,F82=10,F48=2,F39=4,F48=2,F75=4,F34=2,,
Q1817,F96=1,F13=6,F15=6,F80=2,F92=8,,,,
Q1818,F24=8,F6=1,F75=4,F44=0,F31=8,F44=1,F16=8,F67=8,F1=8
Q1819,F61=1,F76=1,F86=2,F2=9,,,,,
Q1820,F70=7,F81=6,F37=5,F16=4,,,,,
Q1821,F85=7,F30=2,,,,,,,
Q1822,,,,,,,,,
Q1823,F4=4,F38=1,F97=2,F16=9,F63=8,F67=8,F51=1,F73=6,F64=5
Q1824,F10=9,F87=2,F71=6,F71=5,F91=6,F40=6,F85=4,F62=1,F82=9
Q1825,F87=3,F98=7,F25=2,F81=10,F20=7,F11=3,F89=10,F39=10,F56=0
Q1826,F38=0,F57=3,F79=3,F64=8,F88=2,,,,
Q1827,F7=5,F72=4,F93=7,,,,,,
Q1828,F67=10,F91=6,F47=3,F80=8,,,,,
Q1829,F79=2,F18=2,F82=9,F81=6,F15=4,F62=7,F78=3,F2=1,
Q1830,F42=5,F12=3,F92=3,F23=8,F65=8,,,,
Q1831,F89=9,F59=8,F31=9,F8=2,F2=1,F18=8,F95=9,F82=8,
Q1832,F42=4,F23=9,F26=5,F42=6,,,,,
Q1833,,,,,,,,,
Q1834,,,,,,,,,
Q1835,F60=7,F87=1,F68=7,F29=1,,,,,
Q1836,F45=7,F54=7,F43=7,F62=7,,,,,
Q1837,F22=4,F67=7,F27=4,F66=6,F85=7,F17=5,F87=1,F23=9,
Q1838,F78=3,F61=2,F96=1,F90=6,,,,,
Q1839,F37=6,F1=4,F12=3,F10=10,F9=4,F73=6,F56=1,F57=7,F32=2
Q1840,F81=6,F55=2,F3=6,,,,,,
Q1841,F49=1,F39=3,F19=2,F39=3,F53=2,F36=7,F39=10,,
Q1842,F84=6,F99=1,,,,,,,
Q1843,F78=1,F29=9,F98=8,,,,,,
Q1844,F3=5,F10=8,,,,,,,
Q1845,F61=2,F93=3,F32=0,F12=1,F27=5,F60=6,F26=6,F60=6,
Q1846,,,,,,,,,
Q1847,F26=2,F4=6,F60=2,F22=3,F30=3,F45=6,F48=8,,
Q1848,F44=5,F41=9,,,,,,,
Q1849,F77=3,F35=0,,,,,,,
Q1850,F6=2,F29=5,F69=2,,,,,,
Q1851,,,,,,,,,
Q1852,F88=2,F9=0,F45=2,F87=1,F67=8,F81=7,F13=3,F13=3,
Q1853,F27=4,F8=1,F21=1,F92=8,F51=8,F87=3,F45=4,,
Q1854,,,,,,,,,
Q1855,F48=2,F86=3,F29=6,,,,,,
Q1856,F25=2,F29=3,F99=6,F48=1,F86=2,F72=2,,,
Q1857,F31=8,F8=2,F13=4,F19=8,F70=5,,,,
Q1858,F84=3,F89=8,F8=2,F61=4,F91=7,F82=4,F58=3,F40=3,
Q1859,F99=3,F91=7,F34=2,F93=1,F80=5,,,,
Q1860,F52=3,F55=5,F92=933,F96=2,F53=5,F23=8,,,
Q1861,,,,,,,,,
Q1862,F58=9,F97=5,F18=8,F88=1,F8=2,F8=2,F29=6,F8=2,F21=2
Q1863,F83=2,F87=4,,,,,,,
Q1864,F52=5,F83=3,,,,,,,
Q1865,F89=8,F12=1,F65=603,,,,,,
Q1866,F11=10,,,,,,,,
Q1867,F25=8,F34=164,F13=3,F20=8,F53=3,F26=5,F5=1,,
Q1868,F6=1,F79=4,F28=8,F24=9,F19=5,F57=7,F74=1,,
Q1869,F48=1,F34=2,F25=8,F21=8,,,,,
Q1870,F26=4,F81=6,F60=1,F87=4,F6=5,F25=3,F13=4,,
Q1871,,,,,,,,,
Q1872,F36=2,F20=5,F70=5,F83=4,F13=8,F63=1,F74=2,F36=5,
Q1873,F10=8,F26=2,F88=1,F23=9,F98=6,F96=1,F93=6,,
Q1874,,,,,,,,,
Q1875,,,,,,,,,
Q1876,F65=8,F6=4,F60=1,F95=1,F89=5,F6=1,F34=2,,
Q1877,F84=6,F76=6,F72=5,,,,,,
Q1878,F21=2,F12=3,F53=5,F86=3,F73=7,F94=2,,,
Q1879,F11=9,F88=1,,,,,,,
Q1880,F57=7,F28=1,F78=4,F40=5,,,,,
Q1881,F2=3,F53=5,F34=2,F85=4,F58=8,F59=9,,,
Q1882,,,,,,,,,
Q1883,F13=8,F11=3,F79=1,F35=0,F68=5,,,,
Q1884,F60=0,F61=2,F23=4,F17=5,F82=5,F75=8,F44=5,,
Q1885,F77=3,F29=2,F82=9,F76=6,F18=8,,,,
Q1886,F19=8,F71=6,F41=2,F37=42,F9=3,F64=8,F4=3,F74=1,
Q1887,F16=5,F90=2,F37=7,F60=1,F9=5,,,,
Q1888,,,,,,,,,
Q1889,F53=3,F34=10,F10=9,F82=9,F9=2,F44=1,F54=6,F17=2,
Q1890,F36=5,,,,,,,,
Q1891,F65=8,F45=6,F15=6,F82=9,,,,,
Q1892,F33=7,F89=9,F21=1,F12=5,F78=3,F67=8,F82=4,F93=3,
Q1893,F56=1,F60=1,F31=9,F99=3,F87=2,F24=9,F89=10,,
Q1894,F85=7,F8=1,F42=4,F62=1,F18=8,F54=353,F78=1,,
Q1895,F29=4,F28=10,F85=8,F43=7,,,,,
Q1896,F6=0,F58=4,F14=4,,,,,,
Q1897,F46=5,F88=3,F40=4,F45=4,F16=6,F24=4,F38=0,,
Q1898,F42=9,F76=1,F72=4,F4=6,F10=8,F46=9,F62=7,,
Q1899,F8=1,F8=2,F22=6,F74=3,,,,,
Q1900,F71=6,F88=2,F2=9,F42=3,,,,,
Q1901,F93=7,F86=2,,,,,,,
Q1902,F40=5,F37=8,F0=5,F1=9,F60=1,,,,
Q1903,F94=1,F12=3,F2=9,F8=1,F84=5,F4=6,F58=5,,
Q1904,,,,,,,,,
Q1905,F26=2,F8=2,F23=8,,,,,,
Q1906,F64=8,F13=4,F32=2,,,,,,
Q1907,F50=4,F93=2,F5=1,F68=1,F12=5,F11=4,F8=1,,
Q1908,F55=2,F84=5,F53=5,F86=3,F72=0,F91=7,F26=3,,
Q1909,F61=3,F11=3,F58=8,,,,,,
Q1910,F3=6,F28=2,F72=2,F58=4,,,,,
Q1911,,,,,,,,,
Q1912,F53=2,F83=3,F30=8,F50=4,,,,,
Q1913,F78=4,F12=2,F91=9,F33=6,F59=8,,,,
Q1914,F18=1,F95=1,F45=1,,,,,,
Q1915,F42=3,,,,,,,,
Q1916,F12=6,F82=10,,,,,,,
Q1917,F13=8,F98=6,F93=5,F96=4,F91=8,F87=5,F78=0,,
Q1918,,,,,,,,,
Q1919,F87=2,F79=2,F61=4,F62=8,F90=2,F45=7,F76=1,F98=8,F82=5
Q1920,F44=5,F92=8,F20=7,F14=8,F35=10,F91=8,F2=1,,
Q1921,F70=9,F40=3,F78=3,F14=1,F84=6,F3=3,,,
Q1922,F8=2,F97=4,F32=1,F3=4,F61=3,F30=3,,,
Q1923,F39=4,F31=2,,,,,,,
Q1924,F67=7,F16=7,F95=6,F6=0,F33=6,F17=2,F14=9,F71=5,F81=6
Q1925,F34=9,,,,,,,,
Q1926,F76=3,F62=1,F83=3,F68=6,F6=1,F94=1,F26=4,F99=6,
Q1927,F51=9,F97=6,F18=8,F55=4,F91=7,F33=6,F80=1,F23=4,
Q1928,F40=6,F99=1,F70=5,,,,,,
Q1929,F57=2,F36=8,,,,,,,
Q1930,F57=2,F40=5,F7=4,F71=5,F42=3,F44=1,F38=3,F41=4,
Q1931,F70=7,F37=6,F51=10,F65=9,,,,,
Q1932,F40=5,F2=2,F78=1,F55=3,F63=1,F89=4,F10=9,F87=3,F31=8
Q1933,F35=2,F34=10,F26=4,F4=6,F3=6,F78=3,F69=10,,
Q1934,F47=2,F2=9,F92=4,F8=1,F86=9,F69=2,F36=538,,
Q1935,F4=4,F2=1,F15=4,F67=9,F95=8,F35=9,F91=7,,
Q1936,F89=9,,,,,,,,
Q1937,F6=4,F40=3,F3=2,F12=4,F35=1,F88=2,F20=8,F89=8,
Q1938,F10=8,,,,,,,,
Q1939,F30=3,F24=3,F15=3,F37=6,F27=5,,,,
Q1940,F97=3,F17=5,F98=7,F13=3,,,,,
Q1941,F73=7,F55=6,F84=2,F43=3,F93=3,F32=1,,,
Q1942,F62=9,,,,,,,,
Q1943,F29=6,F36=4,F50=2,F87=4,F32=1,F94=9,F44=6,F2=3,F32=1
Q1944,F26=5,F44=1,F7=5,F46=5,F69=9,F85=8,F86=9,F72=1,F86=10
Q1945,F37=7,F47=6,,,,,,,
Q1946,F65=9,F6=5,F31=8,F50=4,F41=4,F7=4,F43=2,F14=9,F24=1
Q1947,F77=3,F86=3,F89=10,F66=4,F86=2,F45=6,,,
Q1948,F29=5,F79=1,F13=7,F92=8,F23=8,F84=3,F79=4,F96=1,
Q1949,F74=3,F73=7,F41=2,F16=7,F91=7,F30=7,,,
Q1950,F28=9,F49=1,F17=1,F13=6,F89=10,,,,
Q1951,F37=5,F32=1,F19=2,F20=4,F15=6,F96=4,F57=7,F73=7,F97=3
Q1952,F30=3,,,,,,,,
Q1953,F1=3,F16=7,F57=6,F65=8,F71=5,,,,
Q1954,F15=6,F94=7,F24=1,F46=5,F15=6,F9=1,F7=2,F75=5,
Q1955,F45=7,F12=5,F58=10,F79=1,F64=9,F80=0,F53=5,F65=8,F11=4
Q1956,F77=9,F74=3,F9=6,,,,,,
Q1957,F42=9,F75=6,F61=1,F24=1,,,,,
Q1958,F4=7,F88=3,,,,,,,
Q1959,F59=2,F76=4,F52=3,F57=2,F97=1,,,,
Q1960,F74=3,F59=8,F23=8,F68=7,,,,,
Q1961,F40=6,F35=1,F89=9,F52=3,F46=5,F40=6,F57=3,F21=0,
Q1962,F33=8,F75=4,F22=3,F89=10,F5=0,,,,
Q1963,F61=4,F45=3,F35=2,F1=9,F44=6,F97=5,,,
Q1964,F83=2,F50=3,F64=1,F1=3,F80=2,F76=1,,,
Q1965,,,,,,,,,
Q1966,F7=4,F91=7,,,,,,,
Q1967,F54=5,F43=7,F9=3,,,,,,
Q1968,F67=9,F34=2,,,,,,,
Q1969,F53=5,F82=9,F15=6,F27=3,F60=7,F68=3,F54=5,F46=9,
Q1970,F99=3,F45=6,F25=3,F32=2,,,,,
Q1971,F18=2,F14=8,F20=6,,,,,,
Q1972,F73=7,F42=4,F82=6,F90=3,F42=3,F65=9,F13=6,F39=4,
Q1973,F90=1,F95=7,F24=4,F62=6,F43=10,F43=8,,,
Q1974,F2=0,F80=8,F63=8,F81=6,F52=55,F54=6,F99=3,F55=6,
Q1975,,,,,,,,,
Q1976,F95=6,F65=614,F63=3,F63=2,F26=5,F0=0,,,
Q1977,F3=5,F69=2,F2=8,F11=4,F93=6,F55=2,F48=2,F84=5,
Q1978,F18=2,F35=1,F86=9,F33=7,F45=6,F33=8,F92=8,,
Q1979,F16=4,F49=543,F56=4,F7=3,,,,,
Q1980,F41=10,F70=4,F97=2,F82=4,,,,,
Q1981,F14=9,F81=9,F92=8,,,,,,
Q1982,F24=8,F71=6,F96=3,F44=1,F93=6,F46=8,F36=4,F48=8,
Q1983,F3=5,F25=9,F9=3,F68=7,F84=5,F83=2,F14=7,F80=0,F91=7
Q1984,F98=6,F70=4,F68=6,F38=9,F56=5,,,,
Q1985,F37=5,,,,,,,,
Q1986,,,,,,,,,
Q1987,F72=4,F74=2,F50=3,F60=6,F75=8,F37=5,F49=5,F65=8,
Q1988,F13=4,,,,,,,,
Q1989,F45=6,F58=4,,,,,,,
Q1990,F9=3,F97=610,F1=2,F42=10,,,,,
Q1991,F82=5,F19=2,F1=3,F34=9,F0=0,F97=2,F29=9,F66=7,
Q1992,F70=10,F44=6,F41=3,F99=4,F11=4,F4=6,,,
Q1993,F37=6,,,,,,,,
Q1994,F14=8,F15=4,F50=1,F61=3,F38=1,F99=1,F65=7,F91=6,
Q1995,F59=8,F31=9,F7=3,F22=7,F69=2,F64=6,,,
Q1996,F92=3,,,,,,,,
Q1997,F38=10,F31=2,F60=6,F95=8,F13=8,F50=4,F11=5,,
Q1998,F72=2,F90=6,F70=6,F15=6,F5=2,F63=2,F27=5,F73=6,
Q1999,F32=2,F85=6,F24=7,F72=1,F89=9,,,,
